--------------------------------------- PLAYER ENTRIES ---------------------------------------------------------
INSERT INTO players VALUES ('54846', 'Fabian', 'Holland', 'Fabian Holland', '2023', '105', 'fabian-holland', 'Germany', 'Berlin', 'Germany', '1990-07-11', 'Left-Back', 'Defender', 'left', '172.0', '600000.0', '1000000.0', '2025-06-30 00:00:00', NULL, 'https://img.a.transfermarkt.technology/portrait/header/54846-1689058137.jpg?lm=1', 'https://www.transfermarkt.co.uk/fabian-holland/profil/spieler/54846', 'L1', 'SV Darmstadt 98');
INSERT INTO players VALUES ('106405', 'Jeffrey', 'Gouweleeuw', 'Jeffrey Gouweleeuw', '2023', '167', 'jeffrey-gouweleeuw', 'Netherlands', 'Heemskerk', 'Netherlands', '1991-07-10', 'Centre-Back', 'Defender', 'right', '188.0', '3000000.0', '12000000.0', '2024-06-30 00:00:00', 'SEG', 'https://img.a.transfermarkt.technology/portrait/header/106405-1658599599.jpg?lm=1', 'https://www.transfermarkt.co.uk/jeffrey-gouweleeuw/profil/spieler/106405', 'L1', 'FC Augsburg');
INSERT INTO players VALUES ('108880', 'Koen', 'Casteels', 'Koen Casteels', '2023', '82', 'koen-casteels', 'Belgium', 'Bonheiden', 'Belgium', '1992-06-25', 'Goalkeeper', 'Goalkeeper', 'left', '197.0', '8000000.0', '14000000.0', '2024-06-30 00:00:00', NULL, 'https://img.a.transfermarkt.technology/portrait/header/108880-1689877715.jpg?lm=1', 'https://www.transfermarkt.co.uk/koen-casteels/profil/spieler/108880', 'L1', 'VfL Wolfsburg');
INSERT INTO players VALUES ('111078', 'Emil', 'Forsberg', 'Emil Forsberg', '2023', '23826', 'emil-forsberg', 'Sweden', 'Sundsvall', 'Sweden', '1991-10-23', 'Attacking Midfield', 'Midfield', 'right', '177.0', '7000000.0', '28000000.0', '2025-06-30 00:00:00', NULL, 'https://img.a.transfermarkt.technology/portrait/header/111078-1613998016.jpg?lm=1', 'https://www.transfermarkt.co.uk/emil-forsberg/profil/spieler/111078', 'L1', 'RB Leipzig');
INSERT INTO players VALUES ('120296', 'Benjamin', 'Uphoff', 'Benjamin Uphoff', '2023', '60', 'benjamin-uphoff', 'Germany', 'Burghausen', 'Germany', '1993-08-08', 'Goalkeeper', 'Goalkeeper', 'right', '192.0', '500000.0', '600000.0', NULL, NULL, 'https://img.a.transfermarkt.technology/portrait/header/120296-1658411575.jpg?lm=1', 'https://www.transfermarkt.co.uk/benjamin-uphoff/profil/spieler/120296', 'L1', 'SC Freiburg');
INSERT INTO players VALUES ('124732', 'John Anthony', 'Brooks', 'John Anthony Brooks', '2023', '533', 'john-anthony-brooks', 'Germany', 'Berlin', 'United States', '1993-01-28', 'Centre-Back', 'Defender', 'left', '194.0', '2000000.0', '15000000.0', '2024-06-30 00:00:00', 'ROGON', 'https://img.a.transfermarkt.technology/portrait/header/124732-1691269735.jpg?lm=1', 'https://www.transfermarkt.co.uk/john-anthony-brooks/profil/spieler/124732', 'L1', 'TSG 1899 Hoffenheim');
INSERT INTO players VALUES ('183321', 'Kevin', 'Mbabu', 'Kevin Mbabu', '2023', '167', 'kevin-mbabu', 'Switzerland', 'Chêne-Bougeries', 'Switzerland', '1995-04-19', 'Right-Back', 'Defender', 'right', '184.0', '3500000.0', '14000000.0', '2024-06-30 00:00:00', NULL, 'https://img.a.transfermarkt.technology/portrait/header/183321-1657202547.jpg?lm=1', 'https://www.transfermarkt.co.uk/kevin-mbabu/profil/spieler/183321', 'L1', 'FC Augsburg');
INSERT INTO players VALUES ('192565', 'Leroy', 'Sané', 'Leroy Sané', '2023', '27', 'leroy-sane', 'Germany', 'Essen', 'Germany', '1996-01-11', 'Right Winger', 'Attack', 'left', '183.0', '65000000.0', '100000000.0', '2025-06-30 00:00:00', 'LIAN Sports Group', 'https://img.a.transfermarkt.technology/portrait/header/192565-1694587968.jpg?lm=1', 'https://www.transfermarkt.co.uk/leroy-sane/profil/spieler/192565', 'L1', 'Bayern Munich');
INSERT INTO players VALUES ('251299', 'Finn', 'Dahmen', 'Finn Dahmen', '2023', '167', 'finn-dahmen', 'Germany', 'Wiesbaden', 'Germany', '1998-03-27', 'Goalkeeper', 'Goalkeeper', 'right', '186.0', '2500000.0', '2500000.0', '2026-06-30 00:00:00', 'CN Sports', 'https://img.a.transfermarkt.technology/portrait/header/251299-1657706710.jpg?lm=1', 'https://www.transfermarkt.co.uk/finn-dahmen/profil/spieler/251299', 'L1', 'FC Augsburg');
INSERT INTO players VALUES ('251302', 'Niklas', 'Dorsch', 'Niklas Dorsch', '2023', '167', 'niklas-dorsch', 'Germany', 'Lichtenfels', 'Germany', '1998-01-15', 'Defensive Midfield', 'Midfield', 'right', '178.0', '7000000.0', '10000000.0', '2026-06-30 00:00:00', 'CN Sports', 'https://img.a.transfermarkt.technology/portrait/header/251302-1658599857.jpg?lm=1', 'https://www.transfermarkt.co.uk/niklas-dorsch/profil/spieler/251302', 'L1', 'FC Augsburg');
INSERT INTO players VALUES ('283497', 'Mathias', 'Honsak', 'Mathias Honsak', '2023', '105', 'mathias-honsak', 'Austria', 'Wien', 'Austria', '1996-12-20', 'Left Winger', 'Attack', 'left', '188.0', '1500000.0', '1500000.0', '2024-06-30 00:00:00', NULL, 'https://img.a.transfermarkt.technology/portrait/header/283497-1657112139.jpg?lm=1', 'https://www.transfermarkt.co.uk/mathias-honsak/profil/spieler/283497', 'L1', 'SV Darmstadt 98');
INSERT INTO players VALUES ('286596', 'Emir', 'Karic', 'Emir Karic', '2023', '105', 'emir-karic', 'Austria', 'Linz', 'Austria', '1997-06-09', 'Left-Back', 'Defender', 'left', '184.0', '700000.0', '700000.0', '2024-06-30 00:00:00', 'BALLWERK Sports GmbH', 'https://img.a.transfermarkt.technology/portrait/header/286596-1657111830.jpg?lm=1', 'https://www.transfermarkt.co.uk/emir-karic/profil/spieler/286596', 'L1', 'SV Darmstadt 98');
INSERT INTO players VALUES ('332798', 'Roland', 'Sallai', 'Roland Sallai', '2023', '60', 'roland-sallai', 'Hungary', 'Budapest', 'Hungary', '1997-05-22', 'Right Winger', 'Attack', 'both', '183.0', '10000000.0', '16000000.0', '2025-06-30 00:00:00', 'World Soccer Agency', 'https://img.a.transfermarkt.technology/portrait/header/332798-1658413418.jpg?lm=1', 'https://www.transfermarkt.co.uk/roland-sallai/profil/spieler/332798', 'L1', 'SC Freiburg');
INSERT INTO players VALUES ('346849', 'Christoph', 'Klarer', 'Christoph Klarer', '2023', '105', 'christoph-klarer', 'Austria', 'Böheimkirchen', 'Austria', '2000-06-14', 'Centre-Back', 'Defender', 'right', '191.0', '2200000.0', '2200000.0', '2027-06-30 00:00:00', NULL, 'https://img.a.transfermarkt.technology/portrait/header/346849-1657113750.jpg?lm=1', 'https://www.transfermarkt.co.uk/christoph-klarer/profil/spieler/346849', 'L1', 'SV Darmstadt 98');
INSERT INTO players VALUES ('407098', 'Jakub', 'Kaminski', 'Jakub Kaminski', '2023', '82', 'jakub-kaminski', 'Poland', 'Ruda Śląska', 'Poland', '2002-06-05', 'Left Winger', 'Attack', 'right', '179.0', '12000000.0', '12000000.0', '2027-06-30 00:00:00', 'BMG-SPORT', 'https://img.a.transfermarkt.technology/portrait/header/407098-1657203381.jpg?lm=1', 'https://www.transfermarkt.co.uk/jakub-kaminski/profil/spieler/407098', 'L1', 'VfL Wolfsburg');
INSERT INTO players VALUES ('424204', 'Alphonso', 'Davies', 'Alphonso Davies', '2023', '27', 'alphonso-davies', 'Ghana', 'Buduburam', 'Canada', '2000-11-02', 'Left-Back', 'Defender', 'left', '183.0', '70000000.0', '80000000.0', '2025-06-30 00:00:00', 'ATG Sports', 'https://img.a.transfermarkt.technology/portrait/header/424204-1667830391.jpg?lm=1', 'https://www.transfermarkt.co.uk/alphonso-davies/profil/spieler/424204', 'L1', 'Bayern Munich');
INSERT INTO players VALUES ('472249', 'Jan', 'Thielmann', 'Jan Thielmann', '2023', '3', 'jan-thielmann', 'Germany', 'Föhren', 'Germany', '2002-05-26', 'Right Winger', 'Attack', 'right', '178.0', '6500000.0', '9000000.0', '2026-06-30 00:00:00', NULL, 'https://img.a.transfermarkt.technology/portrait/header/472249-1628591077.jpg?lm=1', 'https://www.transfermarkt.co.uk/jan-thielmann/profil/spieler/472249', 'L1', '1.FC Köln');
INSERT INTO players VALUES ('503482', 'Min-jae', 'Kim', 'Min-jae Kim', '2023', '27', 'min-jae-kim', 'Korea, South', 'Tongyeong, Gyeongnam', 'Korea, South', '1996-11-15', 'Centre-Back', 'Defender', 'right', '190.0', '60000000.0', '60000000.0', '2028-06-30 00:00:00', 'RX BROTHERS', 'https://img.a.transfermarkt.technology/portrait/header/503482-1689115067.jpg?lm=1', 'https://www.transfermarkt.co.uk/min-jae-kim/profil/spieler/503482', 'L1', 'Bayern Munich');
INSERT INTO players VALUES ('569457', 'Tim', 'Breithaupt', 'Tim Breithaupt', '2023', '167', 'tim-breithaupt', 'Germany', 'Offenburg', 'Germany', '2002-02-07', 'Defensive Midfield', 'Midfield', 'right', '192.0', '3500000.0', '3500000.0', '2028-06-30 00:00:00', NULL, 'https://img.a.transfermarkt.technology/portrait/header/569457-1657894662.jpg?lm=1', 'https://www.transfermarkt.co.uk/tim-breithaupt/profil/spieler/569457', 'L1', 'FC Augsburg');
INSERT INTO players VALUES ('656250', 'Marcel', 'Lubik', 'Marcel Lubik', '2023', '167', 'marcel-lubik', 'Poland', 'Nowogard', 'Poland', '2004-05-19', 'Goalkeeper', 'Goalkeeper', 'left', '190.0', '250000.0', '250000.0', '2026-06-30 00:00:00', NULL, 'https://img.a.transfermarkt.technology/portrait/header/656250-1691251112.jpg?lm=1', 'https://www.transfermarkt.co.uk/marcel-lubik/profil/spieler/656250', 'L1', 'FC Augsburg');
INSERT INTO players VALUES ('85177', 'Nathaniel', 'Clyne', 'Nathaniel Clyne', '2023', '873', 'nathaniel-clyne', 'England', 'London', 'England', '1991-04-05', 'Right-Back', 'Defender', 'right', '175.0', '2000000.0', '21000000.0', '2024-06-30 00:00:00', 'ROOF', 'https://img.a.transfermarkt.technology/portrait/header/85177-1459244656.jpg?lm=1', 'https://www.transfermarkt.co.uk/nathaniel-clyne/profil/spieler/85177', 'GB1', 'Crystal Palace');
INSERT INTO players VALUES ('120629', 'Alphonse', 'Areola', 'Alphonse Areola', '2023', '379', 'alphonse-areola', 'France', 'Paris', 'France', '1993-02-27', 'Goalkeeper', 'Goalkeeper', 'right', '195.0', '10000000.0', '17500000.0', '2027-06-30 00:00:00', 'Rafaela Pimenta', 'https://img.a.transfermarkt.technology/portrait/header/120629-1663243036.jpg?lm=1', 'https://www.transfermarkt.co.uk/alphonse-areola/profil/spieler/120629', 'GB1', 'West Ham United');
INSERT INTO players VALUES ('232964', 'Emiliano', 'Marcondes', 'Emiliano Marcondes', '2023', '989', 'emiliano-marcondes', 'Denmark', 'Hvidovre', 'Denmark', '1995-03-09', 'Attacking Midfield', 'Midfield', 'right', '182.0', '1500000.0', '2800000.0', '2024-06-30 00:00:00', 'Nordic Sky', 'https://img.a.transfermarkt.technology/portrait/header/232964-1538465574.jpg?lm=1', 'https://www.transfermarkt.co.uk/emiliano-marcondes/profil/spieler/232964', 'GB1', 'AFC Bournemouth');
INSERT INTO players VALUES ('255906', 'Scott', 'McKenna', 'Scott McKenna', '2023', '703', 'scott-mckenna', 'Scotland', 'Kirriemuir', 'Scotland', '1996-11-12', 'Centre-Back', 'Defender', 'left', '189.0', '10000000.0', '10000000.0', '2024-06-30 00:00:00', 'Wasserman', 'https://img.a.transfermarkt.technology/portrait/header/255906-1520499158.jpg?lm=1', 'https://www.transfermarkt.co.uk/scott-mckenna/profil/spieler/255906', 'GB1', 'Nottingham Forest');
INSERT INTO players VALUES ('260827', 'Joachim', 'Andersen', 'Joachim Andersen', '2023', '873', 'joachim-andersen', 'Denmark', 'Frederiksberg', 'Denmark', '1996-05-31', 'Centre-Back', 'Defender', 'right', '192.0', '30000000.0', '32000000.0', '2026-06-30 00:00:00', 'CAA Stellar', 'https://img.a.transfermarkt.technology/portrait/header/260827-1668183482.jpg?lm=1', 'https://www.transfermarkt.co.uk/joachim-andersen/profil/spieler/260827', 'GB1', 'Crystal Palace');
INSERT INTO players VALUES ('262749', 'David', 'Raya', 'David Raya', '2023', '11', 'david-raya', 'Spain', 'Barcelona', 'Spain', '1995-09-15', 'Goalkeeper', 'Goalkeeper', 'right', '183.0', '32000000.0', '32000000.0', '2024-06-30 00:00:00', 'FUTBOL21 AGENCY', 'https://img.a.transfermarkt.technology/portrait/header/262749-1668168018.jpg?lm=1', 'https://www.transfermarkt.co.uk/david-raya/profil/spieler/262749', 'GB1', 'Arsenal FC');
INSERT INTO players VALUES ('278166', 'Amari', 'Bell', 'Amari Bell', '2023', '1031', 'amarii-bell', 'England', 'Burton upon Trent', 'Jamaica', '1994-05-05', 'Left-Back', 'Defender', 'left', '180.0', '2000000.0', '2000000.0', NULL, 'Wasserman', 'https://img.a.transfermarkt.technology/portrait/header/278166-1651652557.png?lm=1', 'https://www.transfermarkt.co.uk/amarii-bell/profil/spieler/278166', 'GB1', 'Luton Town');
INSERT INTO players VALUES ('282429', 'Sergio', 'Reguilón', 'Sergio Reguilón', '2023', '985', 'sergio-reguilon', 'Spain', 'Madrid', 'Spain', '1996-12-16', 'Left-Back', 'Defender', 'left', '178.0', '10000000.0', '28000000.0', '2024-06-30 00:00:00', 'Sports Invest UK ltd', 'https://img.a.transfermarkt.technology/portrait/header/282429-1559807731.png?lm=1', 'https://www.transfermarkt.co.uk/sergio-reguilon/profil/spieler/282429', 'GB1', 'Manchester United');
INSERT INTO players VALUES ('340321', 'Josh', 'Dasilva', 'Josh Dasilva', '2023', '1148', 'josh-dasilva', 'England', 'London', 'England', '1998-10-23', 'Central Midfield', 'Midfield', 'left', '184.0', '16000000.0', '16000000.0', '2024-06-30 00:00:00', 'CAA Base Ltd', 'https://img.a.transfermarkt.technology/portrait/header/340321-1596444356.jpg?lm=1', 'https://www.transfermarkt.co.uk/josh-dasilva/profil/spieler/340321', 'GB1', 'Brentford FC');
INSERT INTO players VALUES ('425902', 'Ryan', 'Yates', 'Ryan Yates', '2023', '703', 'ryan-yates', 'England', 'Nottingham', 'England', '1997-11-21', 'Central Midfield', 'Midfield', 'right', '190.0', '11000000.0', '11000000.0', '2025-06-30 00:00:00', 'Sport First', 'https://img.a.transfermarkt.technology/portrait/header/425902-1684239778.jpg?lm=1', 'https://www.transfermarkt.co.uk/ryan-yates/profil/spieler/425902', 'GB1', 'Nottingham Forest');
INSERT INTO players VALUES ('425918', 'Jakub', 'Kiwior', 'Jakub Kiwior', '2023', '11', 'jakub-kiwior', 'Poland', 'Tychy', 'Poland', '2000-02-15', 'Centre-Back', 'Defender', 'left', '189.0', '25000000.0', '25000000.0', '2028-06-30 00:00:00', 'FairSport', 'https://img.a.transfermarkt.technology/portrait/header/425918-1683101307.jpg?lm=1', 'https://www.transfermarkt.co.uk/jakub-kiwior/profil/spieler/425918', 'GB1', 'Arsenal FC');
INSERT INTO players VALUES ('444208', 'Michael', 'Obafemi', 'Michael Obafemi', '2023', '1132', 'michael-obafemi', 'Ireland', 'Dublin', 'Ireland', '2000-07-06', 'Centre-Forward', 'Attack', 'right', '170.0', '5000000.0', '5000000.0', NULL, NULL, 'https://img.a.transfermarkt.technology/portrait/header/444208-1543493691.jpg?lm=1', 'https://www.transfermarkt.co.uk/michael-obafemi/profil/spieler/444208', 'GB1', 'Burnley FC');
INSERT INTO players VALUES ('444523', NULL, 'Lucas Paquetá', 'Lucas Paquetá', '2023', '379', 'lucas-paqueta', 'Brazil', 'Paquetá', 'Brazil', '1997-08-27', 'Attacking Midfield', 'Midfield', 'left', '180.0', '65000000.0', '65000000.0', '2027-06-30 00:00:00', 'TFM Agency', 'https://img.a.transfermarkt.technology/portrait/header/444523-1695370009.jpg?lm=1', 'https://www.transfermarkt.co.uk/lucas-paqueta/profil/spieler/444523', 'GB1', 'West Ham United');
INSERT INTO players VALUES ('520624', 'Bruno', 'Guimarães', 'Bruno Guimarães', '2023', '762', 'bruno-guimaraes', 'Brazil', 'Rio de Janeiro', 'Brazil', '1997-11-16', 'Defensive Midfield', 'Midfield', 'right', '182.0', '85000000.0', '85000000.0', '2028-06-30 00:00:00', 'Bertolucci Sports', 'https://img.a.transfermarkt.technology/portrait/header/520624-1668522672.jpg?lm=1', 'https://www.transfermarkt.co.uk/bruno-guimaraes/profil/spieler/520624', 'GB1', 'Newcastle United');
INSERT INTO players VALUES ('548729', 'Zeki', 'Amdouni', 'Zeki Amdouni', '2023', '1132', 'zeki-amdouni', 'Switzerland', 'Genève', 'Switzerland', '2000-12-04', 'Centre-Forward', 'Attack', 'both', '185.0', '15000000.0', '15000000.0', '2028-06-30 00:00:00', NULL, 'https://img.a.transfermarkt.technology/portrait/header/548729-1651736969.png?lm=1', 'https://www.transfermarkt.co.uk/zeki-amdouni/profil/spieler/548729', 'GB1', 'Burnley FC');
INSERT INTO players VALUES ('566799', 'James', 'Trafford', 'James Trafford', '2023', '1132', 'james-trafford', 'England', 'Greysouthen', 'England', '2002-10-10', 'Goalkeeper', 'Goalkeeper', 'right', '192.0', '15000000.0', '15000000.0', '2027-06-30 00:00:00', 'CAA Stellar', 'https://img.a.transfermarkt.technology/portrait/header/566799-1689876147.jpg?lm=1', 'https://www.transfermarkt.co.uk/james-trafford/profil/spieler/566799', 'GB1', 'Burnley FC');
INSERT INTO players VALUES ('610442', 'Rasmus', 'Højlund', 'Rasmus Højlund', '2023', '985', 'rasmus-hojlund', 'Denmark', 'København', 'Denmark', '2003-02-04', 'Centre-Forward', 'Attack', 'left', '191.0', '65000000.0', '65000000.0', '2028-06-30 00:00:00', 'SEG', 'https://img.a.transfermarkt.technology/portrait/header/610442-1680011691.jpg?lm=1', 'https://www.transfermarkt.co.uk/rasmus-hojlund/profil/spieler/610442', 'GB1', 'Manchester United');
INSERT INTO players VALUES ('661207', 'Oscar', 'Bobb', 'Oscar Bobb', '2023', '281', 'oscar-bobb', 'Norway', 'Oslo', 'Norway', '2003-07-12', 'Right Winger', 'Attack', 'left', '175.0', '10000000.0', '10000000.0', '2026-06-30 00:00:00', 'CAA Stellar', 'https://img.a.transfermarkt.technology/portrait/header/661207-1648828348.png?lm=1', 'https://www.transfermarkt.co.uk/oscar-bobb/profil/spieler/661207', 'GB1', 'Manchester City');
INSERT INTO players VALUES ('724041', 'Enock', 'Agyei', 'Enock Agyei', '2023', '1132', 'enock-agyei', NULL, NULL, 'Belgium', '2005-01-13', 'Right Winger', 'Attack', 'left', '172.0', '800000.0', '800000.0', '2027-06-30 00:00:00', 'CAA Stellar', 'https://img.a.transfermarkt.technology/portrait/header/724041-1652693082.jpg?lm=1', 'https://www.transfermarkt.co.uk/enock-agyei/profil/spieler/724041', 'GB1', 'Burnley FC');
INSERT INTO players VALUES ('3333', 'James', 'Milner', 'James Milner', '2023', '1237', 'james-milner', 'England', 'Leeds', 'England', '1986-01-04', 'Central Midfield', 'Midfield', 'right', '175.0', '1500000.0', '21000000.0', '2024-06-30 00:00:00', NULL, 'https://img.a.transfermarkt.technology/portrait/header/3333-1662621121.jpg?lm=1', 'https://www.transfermarkt.co.uk/james-milner/profil/spieler/3333', 'GB1', 'Brighton & Hove Albion');INSERT INTO players VALUES ('131951', 'Kevin', 'Lasagna', 'Kevin Lasagna', '2023', '6646', 'kevin-lasagna', 'Italy', 'Suzzara', 'Italy', '1992-08-10', 'Centre-Forward', 'Attack', 'left', '181.0', '1600000.0', '8000000.0', '2024-06-30 00:00:00', NULL, 'https://img.a.transfermarkt.technology/portrait/header/131951-1695219133.png?lm=1', 'https://www.transfermarkt.co.uk/kevin-lasagna/profil/spieler/131951', 'TR1', 'Fatih Karagümrük');
INSERT INTO players VALUES ('157543', 'Dimitrios', 'Kourbelis', 'Dimitrios Kourbelis', '2023', '449', 'dimitrios-kourbelis', 'Greece', 'Tripoli', 'Greece', '1993-11-02', 'Defensive Midfield', 'Midfield', 'right', '181.0', '1500000.0', '2000000.0', '2025-06-30 00:00:00', NULL, 'https://img.a.transfermarkt.technology/portrait/header/157543-1695129954.png?lm=1', 'https://www.transfermarkt.co.uk/dimitrios-kourbelis/profil/spieler/157543', 'TR1', 'Trabzonspor');
INSERT INTO players VALUES ('170895', 'Garry', 'Rodrigues', 'Garry Rodrigues', '2023', '868', 'garry-rodrigues', 'Netherlands', 'Rotterdam', 'Cape Verde', '1990-11-27', 'Left Winger', 'Attack', 'right', '173.0', '1800000.0', '9000000.0', '2025-06-30 00:00:00', NULL, 'https://img.a.transfermarkt.technology/portrait/header/170895-1696616868.png?lm=1', 'https://www.transfermarkt.co.uk/garry-rodrigues/profil/spieler/170895', 'TR1', 'MKE Ankaragücü');
INSERT INTO players VALUES ('172163', 'Uğur', 'Çiftçi', 'Uğur Çiftçi', '2023', '2381', 'uğur-ciftci', 'Turkey', 'Sivas', 'Turkey', '1992-05-04', 'Left-Back', 'Defender', 'left', '179.0', '1900000.0', '2750000.0', '2027-06-30 00:00:00', 'GPA Turkey', 'https://img.a.transfermarkt.technology/portrait/header/172163-1691660548.png?lm=1', 'https://www.transfermarkt.co.uk/uğur-ciftci/profil/spieler/172163', 'TR1', 'Sivasspor');
INSERT INTO players VALUES ('189070', 'Modou', 'Barrow', 'Modou Barrow', '2023', '2381', 'modou-barrow', 'The Gambia', 'Banjul', 'The Gambia', '1992-10-13', 'Left Winger', 'Attack', 'left', '176.0', '1000000.0', '3000000.0', '2024-06-30 00:00:00', 'VMC Group AB ', 'https://img.a.transfermarkt.technology/portrait/header/189070-1693817817.png?lm=1', 'https://www.transfermarkt.co.uk/modou-barrow/profil/spieler/189070', 'TR1', 'Sivasspor');
INSERT INTO players VALUES ('191391', 'Yusuf', 'Erdoğan', 'Yusuf Erdoğan', '2023', '3840', 'yusuf-erdoğan', 'Turkey', 'Isparta', 'Turkey', '1992-08-07', 'Left Winger', 'Attack', 'left', '171.0', '500000.0', '6250000.0', '2025-06-30 00:00:00', 'Foot & Ball', 'https://img.a.transfermarkt.technology/portrait/header/191391-1695124389.png?lm=1', 'https://www.transfermarkt.co.uk/yusuf-erdoğan/profil/spieler/191391', 'TR1', 'Adana Demirspor');
INSERT INTO players VALUES ('196158', 'Brahim', 'Darri', 'Brahim Darri', '2023', '6646', 'brahim-darri', 'Netherlands', 'Amersfoort', 'Netherlands', '1994-09-14', 'Left Winger', 'Attack', 'right', '175.0', '100000.0', '1000000.0', '2024-06-30 00:00:00', NULL, 'https://img.a.transfermarkt.technology/portrait/header/196158-1695220460.png?lm=1', 'https://www.transfermarkt.co.uk/brahim-darri/profil/spieler/196158', 'TR1', 'Fatih Karagümrük');
INSERT INTO players VALUES ('204189', 'Okan', 'Kocuk', 'Okan Kocuk', '2023', '152', 'okan-kocuk', 'Turkey', 'Bursa', 'Turkey', '1995-07-27', 'Goalkeeper', 'Goalkeeper', 'right', '187.0', '800000.0', '1300000.0', '2026-06-30 00:00:00', 'FutureBall', 'https://img.a.transfermarkt.technology/portrait/header/204189-1695410023.png?lm=1', 'https://www.transfermarkt.co.uk/okan-kocuk/profil/spieler/204189', 'TR1', 'Samsunspor');
INSERT INTO players VALUES ('206947', 'Kévin', 'Rodrigues', 'Kévin Rodrigues', '2023', '3840', 'kevin-rodrigues', 'France', 'Bayonne', 'Portugal', '1994-03-05', 'Left-Back', 'Defender', 'left', '170.0', '2200000.0', '5000000.0', '2025-06-30 00:00:00', 'Carrierefoot', 'https://img.a.transfermarkt.technology/portrait/header/206947-1695115570.png?lm=1', 'https://www.transfermarkt.co.uk/kevin-rodrigues/profil/spieler/206947', 'TR1', 'Adana Demirspor');
INSERT INTO players VALUES ('211325', 'Badou', 'Ndiaye', 'Badou Ndiaye', '2023', '3840', 'badou-ndiaye', 'Senegal', 'Dakar', 'Senegal', '1990-10-27', 'Central Midfield', 'Midfield', 'right', '180.0', '1200000.0', '15000000.0', '2025-06-30 00:00:00', NULL, 'https://img.a.transfermarkt.technology/portrait/header/211325-1695116404.png?lm=1', 'https://www.transfermarkt.co.uk/badou-ndiaye/profil/spieler/211325', 'TR1', 'Adana Demirspor');
INSERT INTO players VALUES ('269393', 'Ali', 'Karimi', 'Ali Karimi', '2023', '3205', 'ali-karimi', 'Iran', 'Isfahan', 'Iran', '1994-02-11', 'Central Midfield', 'Midfield', 'right', '185.0', '800000.0', '800000.0', '2024-06-30 00:00:00', 'MBS Sports', 'https://img.a.transfermarkt.technology/portrait/header/269393-1694078896.png?lm=1', 'https://www.transfermarkt.co.uk/ali-karimi/profil/spieler/269393', 'TR1', 'Kayserispor');
INSERT INTO players VALUES ('286005', 'Julien', 'Ngoy', 'Julien Ngoy', '2023', '10484', 'julien-ngoy', 'Belgium', 'Antwerpen', 'Belgium', '1997-11-02', 'Centre-Forward', 'Attack', 'right', '185.0', '700000.0', '1000000.0', '2024-06-30 00:00:00', NULL, 'https://img.a.transfermarkt.technology/portrait/header/286005-1695906473.png?lm=1', 'https://www.transfermarkt.co.uk/julien-ngoy/profil/spieler/286005', 'TR1', 'Kasimpasa');
INSERT INTO players VALUES ('286384', 'Eric', 'Bailly', 'Eric Bailly', '2023', '114', 'eric-bailly', 'Cote dIvoire', 'Bingerville', 'Cote dIvoire', '1994-04-12', 'Centre-Back', 'Defender', 'right', '187.0', '4000000.0', '35000000.0', '2024-06-30 00:00:00', 'Rafaela Pimenta', 'https://img.a.transfermarkt.technology/portrait/header/286384-1696075364.png?lm=1', 'https://www.transfermarkt.co.uk/eric-bailly/profil/spieler/286384', 'TR1', 'Besiktas JK');
INSERT INTO players VALUES ('289510', 'Samuel', 'Bastien', 'Samuel Bastien', '2023', '10484', 'samuel-bastien', 'Belgium', 'Meux', 'DR Congo', '1996-09-26', 'Central Midfield', 'Midfield', 'right', '175.0', '1800000.0', '7000000.0', '2024-06-30 00:00:00', 'Sport Cover', 'https://img.a.transfermarkt.technology/portrait/header/289510-1695905277.png?lm=1', 'https://www.transfermarkt.co.uk/samuel-bastien/profil/spieler/289510', 'TR1', 'Kasimpasa');
INSERT INTO players VALUES ('294525', 'Otabek', 'Shukurov', 'Otabek Shukurov', '2023', '6646', 'otabek-shukurov', 'Uzbekistan', 'Chirakchi', 'Uzbekistan', '1996-06-22', 'Central Midfield', 'Midfield', 'right', '183.0', '2500000.0', '4000000.0', '2024-06-30 00:00:00', NULL, 'https://img.a.transfermarkt.technology/portrait/header/294525-1695219541.png?lm=1', 'https://www.transfermarkt.co.uk/otabek-shukurov/profil/spieler/294525', 'TR1', 'Fatih Karagümrük');
INSERT INTO players VALUES ('364234', 'Pape Abou', 'Cissé', 'Pape Abou Cissé', '2023', '3840', 'pape-abou-cisse', 'Senegal', 'Pikine', 'Senegal', '1995-09-14', 'Centre-Back', 'Defender', 'right', '198.0', '3700000.0', '8000000.0', '2026-06-30 00:00:00', 'Playeleven', 'https://img.a.transfermarkt.technology/portrait/header/364234-1495179357.jpg?lm=1', 'https://www.transfermarkt.co.uk/pape-abou-cisse/profil/spieler/364234', 'TR1', 'Adana Demirspor');
INSERT INTO players VALUES ('380913', 'Demeaco', 'Duhaney', 'Demeaco Duhaney', '2023', '924', 'demeaco-duhaney', 'England', 'Manchester', 'England', '1998-10-13', 'Right-Back', 'Defender', 'right', '180.0', '325000.0', '325000.0', '2027-06-30 00:00:00', 'CAA Base Ltd', 'https://img.a.transfermarkt.technology/portrait/header/380913-1665480827.png?lm=1', 'https://www.transfermarkt.co.uk/demeaco-duhaney/profil/spieler/380913', 'TR1', 'Istanbulspor');
INSERT INTO players VALUES ('402887', 'Anastasios', 'Chatzigiovanis', 'Anastasios Chatzigiovanis', '2023', '868', 'anastasios-chatzigiovanis', 'Greece', 'Mytilini', 'Greece', '1997-05-31', 'Right Winger', 'Attack', 'right', '177.0', '1500000.0', '2000000.0', '2024-06-30 00:00:00', NULL, 'https://img.a.transfermarkt.technology/portrait/header/402887-1696615585.png?lm=1', 'https://www.transfermarkt.co.uk/anastasios-chatzigiovanis/profil/spieler/402887', 'TR1', 'MKE Ankaragücü');
INSERT INTO players VALUES ('409515', 'Adnan', 'Ugur', 'Adnan Ugur', '2023', '6646', 'adnan-ugur', 'Belgium', 'Diest', 'Turkey', '2001-06-28', 'Central Midfield', 'Midfield', 'right', '174.0', '550000.0', '550000.0', '2026-06-30 00:00:00', NULL, 'https://img.a.transfermarkt.technology/portrait/header/409515-1695210413.png?lm=1', 'https://www.transfermarkt.co.uk/adnan-ugur/profil/spieler/409515', 'TR1', 'Fatih Karagümrük');
INSERT INTO players VALUES ('481128', 'Martin', 'Minchev', 'Martin Minchev', '2023', '126', 'martin-minchev', 'Bulgaria', 'Varna', 'Bulgaria', '2001-04-22', 'Centre-Forward', 'Attack', 'right', '185.0', '1000000.0', '1000000.0', '2026-06-30 00:00:00', 'Borislav Dvorzak', 'https://img.a.transfermarkt.technology/portrait/header/481128-1694706381.png?lm=1', 'https://www.transfermarkt.co.uk/martin-minchev/profil/spieler/481128', 'TR1', 'Caykur Rizespor');

--------------------------------------- CLUB ENTRIES ---------------------------------------------------------

INSERT INTO clubs VALUES ('105', 'sv-darmstadt-98', 'SV Darmstadt 98', 'L1', NULL, '30', '26.3', '11', '36.7', '1', 'Merck-Stadion am Böllenfalltor', '17500', '€-1.60m', NULL, '2023', 'https://www.transfermarkt.co.uk/sv-darmstadt-98/startseite/verein/105');
INSERT INTO clubs VALUES ('114', 'besiktas-istanbul', 'Besiktas JK', 'TR1', NULL, '32', '27.3', '16', '50.0', '14', 'Tüpraş Stadyumu', '42590', '€-14.50m', NULL, '2023', 'https://www.transfermarkt.co.uk/besiktas-istanbul/startseite/verein/114');
INSERT INTO clubs VALUES ('148', 'tottenham-hotspur', 'Tottenham Hotspur', 'GB1', NULL, '29', '26.1', '21', '72.4', '22', 'Tottenham Hotspur Stadium', '62062', '€-130.40m', NULL, '2023', 'https://www.transfermarkt.co.uk/tottenham-hotspur/startseite/verein/148');
INSERT INTO clubs VALUES ('868', 'mke-ankaragucu', 'MKE Ankaragücü', 'TR1', NULL, '28', '27.2', '17', '60.7', '6', 'Eryaman Stadyumu', '20560', '€-3.35m', NULL, '2023', 'https://www.transfermarkt.co.uk/mke-ankaragucu/startseite/verein/868');
INSERT INTO clubs VALUES ('989', 'afc-bournemouth', 'AFC Bournemouth', 'GB1', NULL, '29', '26.3', '20', '69.0', '14', 'Vitality Stadium', '11329', '€-126.19m', NULL, '2023', 'https://www.transfermarkt.co.uk/afc-bournemouth/startseite/verein/989');
INSERT INTO clubs VALUES ('31', 'fc-liverpool', 'Liverpool FC', 'GB1', NULL, '26', '26.1', '21', '80.8', '17', 'Anfield', '54074', '€-111.30m', NULL, '2023', 'https://www.transfermarkt.co.uk/fc-liverpool/startseite/verein/31');
INSERT INTO clubs VALUES ('449', 'trabzonspor', 'Trabzonspor', 'TR1', NULL, '32', '25.8', '16', '50.0', '15', 'Papara Park', '40782', '€-13.11m', NULL, '2023', 'https://www.transfermarkt.co.uk/trabzonspor/startseite/verein/449');
INSERT INTO clubs VALUES ('6890', 'istanbul-basaksehir-fk', 'Basaksehir FK', 'TR1', NULL, '34', '26.0', '16', '47.1', '10', 'Başakşehir Fatih Terim', '17156', '+-0', NULL, '2023', 'https://www.transfermarkt.co.uk/istanbul-basaksehir-fk/startseite/verein/6890');
INSERT INTO clubs VALUES ('141', 'galatasaray-istanbul', 'Galatasaray', 'TR1', NULL, '30', '25.8', '16', '53.3', '14', 'Ali Sami Yen Spor Kompleksi RAMS Park', '52223', '€-11.79m', NULL, '2023', 'https://www.transfermarkt.co.uk/galatasaray-istanbul/startseite/verein/141');
INSERT INTO clubs VALUES ('18', 'borussia-monchengladbach', 'Borussia Mönchengladbach', 'L1', NULL, '31', '25.7', '17', '54.8', '8', 'Stadion im Borussia-Park', '54042', '€-4.28m', NULL, '2023', 'https://www.transfermarkt.co.uk/borussia-monchengladbach/startseite/verein/18');
INSERT INTO clubs VALUES ('2036', '1-fc-heidenheim-1846', '1.FC Heidenheim 1846', 'L1', NULL, '28', '26.2', '5', '17.9', '1', 'Voith-Arena', '15000', '€-2.30m', NULL, '2023', 'https://www.transfermarkt.co.uk/1-fc-heidenheim-1846/startseite/verein/2036');
INSERT INTO clubs VALUES ('1237', 'brighton-amp-hove-albion', 'Brighton & Hove Albion', 'GB1', NULL, '26', '26.2', '19', '73.1', '14', 'AMEX Stadium', '31800', '+€94.70m', NULL, '2023', 'https://www.transfermarkt.co.uk/brighton-amp-hove-albion/startseite/verein/1237');
INSERT INTO clubs VALUES ('589', 'antalyaspor', 'Antalyaspor', 'TR1', NULL, '34', '26.4', '15', '44.1', '5', 'Corendon Airlines Park Antalya Stadı', '32537', '+€9.43m', NULL, '2023', 'https://www.transfermarkt.co.uk/antalyaspor/startseite/verein/589');
INSERT INTO clubs VALUES ('82', 'vfl-wolfsburg', 'VfL Wolfsburg', 'L1', NULL, '29', '24.7', '19', '65.5', '12', 'Volkswagen Arena', '28917', '€-400k', NULL, '2023', 'https://www.transfermarkt.co.uk/vfl-wolfsburg/startseite/verein/82');
INSERT INTO clubs VALUES ('15', 'bayer-04-leverkusen', 'Bayer 04 Leverkusen', 'L1', NULL, '27', '24.7', '21', '77.8', '17', 'BayArena', '30210', '€-12.10m', NULL, '2023', 'https://www.transfermarkt.co.uk/bayer-04-leverkusen/startseite/verein/15');
INSERT INTO clubs VALUES ('703', 'nottingham-forest', 'Nottingham Forest', 'GB1', NULL, '32', '27.0', '27', '84.4', '20', 'The City Ground', '30445', '€-57.23m', NULL, '2023', 'https://www.transfermarkt.co.uk/nottingham-forest/startseite/verein/703');
INSERT INTO clubs VALUES ('80', 'vfl-bochum', 'VfL Bochum', 'L1', NULL, '30', '27.6', '14', '46.7', '3', 'Vonovia Ruhrstadion', '26000', '€-2.45m', NULL, '2023', 'https://www.transfermarkt.co.uk/vfl-bochum/startseite/verein/80');
INSERT INTO clubs VALUES ('1031', 'luton-town', 'Luton Town', 'GB1', NULL, '26', '27.8', '12', '46.2', '8', 'Kenilworth Road', '10226', '€-22.75m', NULL, '2023', 'https://www.transfermarkt.co.uk/luton-town/startseite/verein/1031');
INSERT INTO clubs VALUES ('24', 'eintracht-frankfurt', 'Eintracht Frankfurt', 'L1', NULL, '36', '24.5', '20', '55.6', '9', 'Deutsche Bank Park', '55000', '+€85.85m', NULL, '2023', 'https://www.transfermarkt.co.uk/eintracht-frankfurt/startseite/verein/24');
INSERT INTO clubs VALUES ('762', 'newcastle-united', 'Newcastle United', 'GB1', NULL, '29', '27.6', '14', '48.3', '11', 'St James Park', '52338', '€-108.60m', NULL, '2023', 'https://www.transfermarkt.co.uk/newcastle-united/startseite/verein/762');
INSERT INTO clubs VALUES ('1148', 'fc-brentford', 'Brentford FC', 'GB1', NULL, '29', '26.0', '20', '69.0', '16', 'Gtech Community Stadium', '17250', '€-54.76m', NULL, '2023', 'https://www.transfermarkt.co.uk/fc-brentford/startseite/verein/1148');
INSERT INTO clubs VALUES ('16', 'borussia-dortmund', 'Borussia Dortmund', 'L1', NULL, '28', '26.0', '13', '46.4', '19', 'SIGNAL IDUNA PARK', '81365', '+€50.35m', NULL, '2023', 'https://www.transfermarkt.co.uk/borussia-dortmund/startseite/verein/16');
INSERT INTO clubs VALUES ('2381', 'sivasspor', 'Sivasspor', 'TR1', NULL, '28', '29.0', '13', '46.4', '4', 'Yeni 4 Eylül Stadı', '27532', '+€400k', NULL, '2023', 'https://www.transfermarkt.co.uk/sivasspor/startseite/verein/2381');
INSERT INTO clubs VALUES ('2832', 'gaziantep-fk', 'Gaziantep FK', 'TR1', NULL, '31', '27.3', '15', '48.4', '5', 'Kalyon Stadyumu', '33502', '€-585k', NULL, '2023', 'https://www.transfermarkt.co.uk/gaziantep-fk/startseite/verein/2832');
INSERT INTO clubs VALUES ('873', 'crystal-palace', 'Crystal Palace', 'GB1', NULL, '27', '26.4', '12', '44.4', '8', 'Selhurst Park', '26047', '€-38.70m', NULL, '2023', 'https://www.transfermarkt.co.uk/crystal-palace/startseite/verein/873');
INSERT INTO clubs VALUES ('379', 'west-ham-united', 'West Ham United', 'GB1', NULL, '25', '28.3', '18', '72.0', '14', 'London Stadium', '62500', '+€18.84m', NULL, '2023', 'https://www.transfermarkt.co.uk/west-ham-united/startseite/verein/379');
INSERT INTO clubs VALUES ('79', 'vfb-stuttgart', 'VfB Stuttgart', 'L1', NULL, '28', '24.1', '11', '39.3', '6', 'MHPArena Stuttgart', '60449', '+€27.55m', NULL, '2023', 'https://www.transfermarkt.co.uk/vfb-stuttgart/startseite/verein/79');
INSERT INTO clubs VALUES ('86', 'sv-werder-bremen', 'SV Werder Bremen', 'L1', NULL, '24', '26.9', '10', '41.7', '6', 'Wohninvest-Weserstadion', '42100', '+€20.81m', NULL, '2023', 'https://www.transfermarkt.co.uk/sv-werder-bremen/startseite/verein/86');
INSERT INTO clubs VALUES ('931', 'fc-fulham', 'Fulham FC', 'GB1', NULL, '26', '27.9', '24', '92.3', '14', 'Craven Cottage', '25700', '€-15.87m', NULL, '2023', 'https://www.transfermarkt.co.uk/fc-fulham/startseite/verein/931');
INSERT INTO clubs VALUES ('2293', 'konyaspor', 'Konyaspor', 'TR1', NULL, '29', '27.1', '12', '41.4', '4', 'Medaş Konya Büyükşehir Stadyumu', '42000', '+€1.80m', NULL, '2023', 'https://www.transfermarkt.co.uk/konyaspor/startseite/verein/2293');
INSERT INTO clubs VALUES ('36', 'fenerbahce-istanbul', 'Fenerbahce', 'TR1', NULL, '29', '27.7', '16', '55.2', '16', 'Ülker Stadyumu FB Şükrü Saraçoğlu Spor Kompleksi', '47834', '€-1.36m', NULL, '2023', 'https://www.transfermarkt.co.uk/fenerbahce-istanbul/startseite/verein/36');
INSERT INTO clubs VALUES ('6646', 'fatih-karagumruk', 'Fatih Karagümrük', 'TR1', NULL, '28', '27.3', '16', '57.1', '6', 'Atatürk Olimpiyat', '74753', '+€2.50m', NULL, '2023', 'https://www.transfermarkt.co.uk/fatih-karagumruk/startseite/verein/6646');
INSERT INTO clubs VALUES ('924', 'istanbulspor', 'Istanbulspor', 'TR1', NULL, '30', '25.9', '14', '46.7', '5', 'Esenyurt Necmi Kadıoğlu Stadyumu', '7500', '€-400k', NULL, '2023', 'https://www.transfermarkt.co.uk/istanbulspor/startseite/verein/924');
INSERT INTO clubs VALUES ('985', 'manchester-united', 'Manchester United', 'GB1', NULL, '31', '26.3', '22', '71.0', '22', 'Old Trafford', '74879', '€-149.06m', NULL, '2023', 'https://www.transfermarkt.co.uk/manchester-united/startseite/verein/985');
INSERT INTO clubs VALUES ('11282', 'alanyaspor', 'Alanyaspor', 'TR1', NULL, '29', '25.8', '13', '44.8', '5', 'Kırbıyık Holding Stadyumu', '10128', '+€800k', NULL, '2023', 'https://www.transfermarkt.co.uk/alanyaspor/startseite/verein/11282');
INSERT INTO clubs VALUES ('1132', 'fc-burnley', 'Burnley FC', 'GB1', NULL, '33', '25.0', '25', '75.8', '15', 'Turf Moor', '21994', '€-107.25m', NULL, '2023', 'https://www.transfermarkt.co.uk/fc-burnley/startseite/verein/1132');
INSERT INTO clubs VALUES ('152', 'samsunspor', 'Samsunspor', 'TR1', NULL, '31', '26.8', '15', '48.4', '4', 'Samsun Yeni 19 Mayıs Stadyumu', '33919', '€-3.85m', NULL, '2023', 'https://www.transfermarkt.co.uk/samsunspor/startseite/verein/152');
INSERT INTO clubs VALUES ('23826', 'rasenballsport-leipzig', 'RB Leipzig', 'L1', NULL, '27', '25.5', '18', '66.7', '18', 'Red Bull Arena', '47069', '+€88.20m', NULL, '2023', 'https://www.transfermarkt.co.uk/rasenballsport-leipzig/startseite/verein/23826');
INSERT INTO clubs VALUES ('3209', 'pendikspor', 'Pendikspor', 'TR1', NULL, '27', '29.6', '13', '48.1', '3', 'Pendik Stadı', '2500', '€-3.10m', NULL, '2023', 'https://www.transfermarkt.co.uk/pendikspor/startseite/verein/3209');
INSERT INTO clubs VALUES ('89', '1-fc-union-berlin', '1.FC Union Berlin', 'L1', NULL, '28', '27.4', '16', '57.1', '12', 'Stadion An der Alten Försterei', '22012', '€-29.90m', NULL, '2023', 'https://www.transfermarkt.co.uk/1-fc-union-berlin/startseite/verein/89');
INSERT INTO clubs VALUES ('167', 'fc-augsburg', 'FC Augsburg', 'L1', NULL, '32', '25.1', '20', '62.5', '6', 'WWK ARENA', '30660', '+€17.45m', NULL, '2023', 'https://www.transfermarkt.co.uk/fc-augsburg/startseite/verein/167');
INSERT INTO clubs VALUES ('3', '1-fc-koln', '1.FC Köln', 'L1', NULL, '31', '25.6', '8', '25.8', '6', 'RheinEnergieSTADION', '50000', '+€200k', NULL, '2023', 'https://www.transfermarkt.co.uk/1-fc-koln/startseite/verein/3');
INSERT INTO clubs VALUES ('3840', 'adana-demirspor', 'Adana Demirspor', 'TR1', NULL, '31', '27.4', '16', '51.6', '7', 'Yeni Adana Stadyumu', '33000', '+€750k', NULL, '2023', 'https://www.transfermarkt.co.uk/adana-demirspor/startseite/verein/3840');
INSERT INTO clubs VALUES ('7775', 'hatayspor', 'Hatayspor', 'TR1', NULL, '30', '24.8', '15', '50.0', '6', 'Mersin Stadyumu', '25000', '+€7.19m', NULL, '2023', 'https://www.transfermarkt.co.uk/hatayspor/startseite/verein/7775');
INSERT INTO clubs VALUES ('11', 'fc-arsenal', 'Arsenal FC', 'GB1', NULL, '25', '25.7', '18', '72.0', '21', 'Emirates Stadium', '60704', '€-167.04m', NULL, '2023', 'https://www.transfermarkt.co.uk/fc-arsenal/startseite/verein/11');
INSERT INTO clubs VALUES ('126', 'caykur-rizespor', 'Caykur Rizespor', 'TR1', NULL, '36', '24.5', '18', '50.0', '6', 'Çaykur Didi', '15332', '€-3.41m', NULL, '2023', 'https://www.transfermarkt.co.uk/caykur-rizespor/startseite/verein/126');
INSERT INTO clubs VALUES ('281', 'manchester-city', 'Manchester City', 'GB1', NULL, '24', '27.1', '17', '70.8', '20', 'Etihad Stadium', '55017', '€-126.60m', NULL, '2023', 'https://www.transfermarkt.co.uk/manchester-city/startseite/verein/281');
INSERT INTO clubs VALUES ('39', '1-fsv-mainz-05', '1.FSV Mainz 05', 'L1', NULL, '25', '26.9', '12', '48.0', '6', 'Mewa Arena', '33305', '+€14.55m', NULL, '2023', 'https://www.transfermarkt.co.uk/1-fsv-mainz-05/startseite/verein/39');
INSERT INTO clubs VALUES ('405', 'aston-villa', 'Aston Villa', 'GB1', NULL, '26', '27.2', '19', '73.1', '16', 'Villa Park', '42682', '€-60.45m', NULL, '2023', 'https://www.transfermarkt.co.uk/aston-villa/startseite/verein/405');
INSERT INTO clubs VALUES ('543', 'wolverhampton-wanderers', 'Wolverhampton Wanderers', 'GB1', NULL, '26', '26.1', '22', '84.6', '14', 'Molineux Stadium', '32050', '+€75.20m', NULL, '2023', 'https://www.transfermarkt.co.uk/wolverhampton-wanderers/startseite/verein/543');
INSERT INTO clubs VALUES ('60', 'sc-freiburg', 'SC Freiburg', 'L1', NULL, '27', '26.5', '9', '33.3', '9', 'Europa-Park Stadion', '34700', '+€35.30m', NULL, '2023', 'https://www.transfermarkt.co.uk/sc-freiburg/startseite/verein/60');
INSERT INTO clubs VALUES ('350', 'sheffield-united', 'Sheffield United', 'GB1', NULL, '30', '25.9', '18', '60.0', '8', 'Bramall Lane', '32702', '€-33.55m', NULL, '2023', 'https://www.transfermarkt.co.uk/sheffield-united/startseite/verein/350');
INSERT INTO clubs VALUES ('3205', 'kayserispor', 'Kayserispor', 'TR1', NULL, '30', '25.9', '14', '46.7', '5', 'RHG Enertürk Enerji Stadyumu', '32864', '+-0', NULL, '2023', 'https://www.transfermarkt.co.uk/kayserispor/startseite/verein/3205');
INSERT INTO clubs VALUES ('631', 'fc-chelsea', 'Chelsea FC', 'GB1', NULL, '30', '23.8', '20', '66.7', '20', 'Stamford Bridge', '40853', '€-198.40m', NULL, '2023', 'https://www.transfermarkt.co.uk/fc-chelsea/startseite/verein/631');
INSERT INTO clubs VALUES ('10484', 'kasimpasa', 'Kasimpasa', 'TR1', NULL, '24', '26.0', '11', '45.8', '3', 'Recep Tayyip Erdoğan Stadyumu', '13856', '€-1.00m', NULL, '2023', 'https://www.transfermarkt.co.uk/kasimpasa/startseite/verein/10484');
INSERT INTO clubs VALUES ('27', 'fc-bayern-munchen', 'Bayern Munich', 'L1', NULL, '25', '26.7', '13', '52.0', '18', 'Allianz Arena', '75024', '+€23.25m', NULL, '2023', 'https://www.transfermarkt.co.uk/fc-bayern-munchen/startseite/verein/27');
INSERT INTO clubs VALUES ('29', 'fc-everton', 'Everton FC', 'GB1', NULL, '25', '27.3', '11', '44.0', '6', 'Goodison Park', '39571', '+€42.30m', NULL, '2023', 'https://www.transfermarkt.co.uk/fc-everton/startseite/verein/29');
INSERT INTO clubs VALUES ('533', 'tsg-1899-hoffenheim', 'TSG 1899 Hoffenheim', 'L1', NULL, '30', '26.1', '13', '43.3', '12', 'PreZero Arena', '30150', '€-7.30m', NULL, '2023', 'https://www.transfermarkt.co.uk/tsg-1899-hoffenheim/startseite/verein/533');

--------------------------------------- COMPETITION ENTRIES ---------------------------------------------------------

INSERT INTO competitions VALUES ('TR1', 'super-lig', 'super-lig', 'first_tier', 'domestic_league', '174', 'Turkey', 'TR1', 'europa', 'https://www.transfermarkt.co.uk/super-lig/startseite/wettbewerb/TR1');
INSERT INTO competitions VALUES ('GB1', 'premier-league', 'premier-league', 'first_tier', 'domestic_league', '189', 'England', 'GB1', 'europa', 'https://www.transfermarkt.co.uk/premier-league/startseite/wettbewerb/GB1');
INSERT INTO competitions VALUES ('L1', 'bundesliga', 'bundesliga', 'first_tier', 'domestic_league', '40', 'Germany', 'L1', 'europa', 'https://www.transfermarkt.co.uk/bundesliga/startseite/wettbewerb/L1');

--------------------------------------- GAMES ENTRIES ---------------------------------------------------------

INSERT INTO games VALUES ('4129467', 'TR1', '2023', '6. Matchday', '2023-09-22', '2832', '924', '2', '0', '17.0', '19.0', 'Marius Sumudica', 'Fatih Tekke', 'Kalyon Stadyumu', '7185.0', 'Murat Erdoğan', 'https://www.transfermarkt.co.uk/gaziantep-fk_istanbulspor/index/spielbericht/4129467', '3-5-2', '4-2-3-1', 'Gaziantep FK', 'Istanbulspor', '2:0', 'domestic_league');
INSERT INTO games VALUES ('4129517', 'TR1', '2023', '11. Matchday', '2023-11-06', '2832', '126', '2', '0', '13.0', '11.0', 'Marius Sumudica', 'İlhan Palut', 'Kalyon Stadyumu', NULL, 'Ali Şansalan', 'https://www.transfermarkt.co.uk/gaziantep-fk_caykur-rizespor/index/spielbericht/4129517', '3-5-2 Attacking', '4-2-3-1', 'Gaziantep FK', 'Caykur Rizespor', '2:0', 'domestic_league');
INSERT INTO games VALUES ('4129461', 'TR1', '2023', '5. Matchday', '2023-09-18', '2381', '868', '1', '3', '14.0', '12.0', 'Servet Çetin', 'Tolunay Kafkas', 'Yeni 4 Eylül Stadı', '3368.0', 'Çağdaş Altay', 'https://www.transfermarkt.co.uk/sivasspor_mke-ankaragucu/index/spielbericht/4129461', '4-1-4-1', '4-2-3-1', 'Sivasspor', 'MKE Ankaragücü', '1:3', 'domestic_league');
INSERT INTO games VALUES ('4129494', 'TR1', '2023', '9. Matchday', '2023-10-22', '924', '868', '2', '1', '19.0', '14.0', 'Hakan Yakın', 'Emre Belözoğlu', 'Esenyurt Necmi Kadıoğlu Stadyumu', '925.0', 'Yiğit Arslan', 'https://www.transfermarkt.co.uk/istanbulspor_mke-ankaragucu/index/spielbericht/4129494', '4-3-3 Attacking', '4-3-3 Attacking', 'Istanbulspor', 'MKE Ankaragücü', '2:1', 'domestic_league');
INSERT INTO games VALUES ('4126781', 'TR1', '2023', '1. Matchday', '2023-08-13', '36', '2832', '2', '1', '5.0', '15.0', 'İsmail Kartal', 'Erdal Güneş', 'Ülker Stadyumu FB Şükrü Saraçoğlu Spor Kompleksi', '38753.0', 'Abdulkadir Bitigen', 'https://www.transfermarkt.co.uk/fenerbahce_gaziantep-fk/index/spielbericht/4126781', '4-3-3 Attacking', '4-2-3-1', 'Fenerbahce', 'Gaziantep FK', '2:1', 'domestic_league');
INSERT INTO games VALUES ('4126783', 'TR1', '2023', '1. Matchday', '2023-08-12', '2293', '924', '1', '1', '9.0', '8.0', 'Aleksandar Stanojevic', 'Fatih Tekke', 'Medaş Konya Büyükşehir Stadyumu', '5552.0', 'Burak Pakkan', 'https://www.transfermarkt.co.uk/konyaspor_istanbulspor/index/spielbericht/4126783', '4-2-3-1', '4-2-3-1', 'Konyaspor', 'Istanbulspor', '1:1', 'domestic_league');
INSERT INTO games VALUES ('4126825', 'TR1', '2023', '4. Matchday', '2023-09-02', '2832', '141', '0', '3', '19.0', '2.0', 'Erdal Güneş', 'Okan Buruk', 'Kalyon Stadyumu', '23510.0', 'Ali Şansalan', 'https://www.transfermarkt.co.uk/gaziantep-fk_galatasaray/index/spielbericht/4126825', '4-1-4-1', '4-2-3-1', 'Gaziantep FK', 'Galatasaray', '0:3', 'domestic_league');
INSERT INTO games VALUES ('4126827', 'TR1', '2023', '4. Matchday', '2023-09-02', '589', '3205', '1', '1', '14.0', '10.0', 'Nuri Sahin', 'Çağdaş Atan', 'Corendon Airlines Park Antalya Stadı', '5191.0', 'Yasin Kol', 'https://www.transfermarkt.co.uk/antalyaspor_kayserispor/index/spielbericht/4126827', '4-2-3-1', '4-2-3-1', 'Antalyaspor', 'Kayserispor', '1:1', 'domestic_league');
INSERT INTO games VALUES ('4129477', 'TR1', '2023', '7. Matchday', '2023-10-01', '3840', '11282', '4', '0', '3.0', '13.0', 'Patrick Kluivert', 'Ömer Erdoğan', 'Yeni Adana Stadyumu', '9295.0', 'Ali Şansalan', 'https://www.transfermarkt.co.uk/adana-demirspor_alanyaspor/index/spielbericht/4129477', '4-2-3-1', '4-2-3-1', 'Adana Demirspor', 'Alanyaspor', '4:0', 'domestic_league');
INSERT INTO games VALUES ('4129495', 'TR1', '2023', '9. Matchday', '2023-10-21', '141', '114', '2', '1', '2.0', '4.0', 'Okan Buruk', 'Burak Yılmaz', 'Ali Sami Yen Spor Kompleksi RAMS Park', '50429.0', 'Halil Umut Meler', 'https://www.transfermarkt.co.uk/galatasaray_besiktas-jk/index/spielbericht/4129495', '4-2-3-1', '4-2-3-1', 'Galatasaray', 'Besiktas JK', '2:1', 'domestic_league');
INSERT INTO games VALUES ('4129518', 'TR1', '2023', '11. Matchday', '2023-11-05', '6890', '868', '3', '3', '18.0', '12.0', 'Çağdaş Atan', 'Emre Belözoğlu', 'Başakşehir Fatih Terim', NULL, 'Çağdaş Altay', 'https://www.transfermarkt.co.uk/basaksehir-fk_mke-ankaragucu/index/spielbericht/4129518', '4-2-3-1', '4-2-3-1', 'Basaksehir FK', 'MKE Ankaragücü', '3:3', 'domestic_league');
INSERT INTO games VALUES ('4129465', 'TR1', '2023', '6. Matchday', '2023-09-24', '10484', '3840', '2', '1', '10.0', '3.0', 'Kemal Özdeş', 'Patrick Kluivert', 'Recep Tayyip Erdoğan Stadyumu', '2794.0', 'Yasin Kol', 'https://www.transfermarkt.co.uk/kasimpasa_adana-demirspor/index/spielbericht/4129465', '4-2-3-1', '4-2-3-1', 'Kasimpasa', 'Adana Demirspor', '2:1', 'domestic_league');
INSERT INTO games VALUES ('4129469', 'TR1', '2023', '6. Matchday', '2023-09-23', '589', '152', '2', '0', '13.0', '20.0', 'Nuri Sahin', 'Hüseyin Eroğlu', 'Corendon Airlines Park Antalya Stadı', '7404.0', 'Arda Kardeşler', 'https://www.transfermarkt.co.uk/antalyaspor_samsunspor/index/spielbericht/4129469', '4-2-3-1', '4-2-3-1', 'Antalyaspor', 'Samsunspor', '2:0', 'domestic_league');
INSERT INTO games VALUES ('4129500', 'TR1', '2023', '9. Matchday', '2023-10-22', '36', '7775', '4', '2', '1.0', '7.0', 'İsmail Kartal', 'Volkan Demirel', 'Ülker Stadyumu FB Şükrü Saraçoğlu Spor Kompleksi', '41976.0', 'Volkan Bayarslan', 'https://www.transfermarkt.co.uk/fenerbahce_hatayspor/index/spielbericht/4129500', '4-2-3-1', '3-4-3', 'Fenerbahce', 'Hatayspor', '4:2', 'domestic_league');
INSERT INTO games VALUES ('4129490', 'TR1', '2023', '8. Matchday', '2023-10-08', '114', '924', '2', '0', '4.0', '19.0', 'Burak Yılmaz', 'Olcay Demir', 'Tüpraş Stadyumu', '24111.0', 'Tugay Kaan Numanoğlu', 'https://www.transfermarkt.co.uk/besiktas-jk_istanbulspor/index/spielbericht/4129490', '4-2-3-1', '4-4-2 double 6', 'Besiktas JK', 'Istanbulspor', '2:0', 'domestic_league');
INSERT INTO games VALUES ('4129510', 'TR1', '2023', '10. Matchday', '2023-10-30', '114', '2832', '2', '0', '4.0', '16.0', 'Burak Yılmaz', 'Marius Sumudica', 'Tüpraş Stadyumu', '28952.0', 'Mete Kalkavan', 'https://www.transfermarkt.co.uk/besiktas-jk_gaziantep-fk/index/spielbericht/4129510', '4-2-3-1', '3-5-2 Attacking', 'Besiktas JK', 'Gaziantep FK', '2:0', 'domestic_league');
INSERT INTO games VALUES ('4126822', 'TR1', '2023', '4. Matchday', '2023-09-02', '3209', '11282', '1', '1', '15.0', '8.0', 'Osman Özköylü', 'Ömer Erdoğan', 'Ümraniye Belediyesi Şehir Stadı', '854.0', 'Abdulkadir Bitigen', 'https://www.transfermarkt.co.uk/pendikspor_alanyaspor/index/spielbericht/4126822', '4-2-3-1', '4-3-3 Attacking', 'Pendikspor', 'Alanyaspor', '1:1', 'domestic_league');
INSERT INTO games VALUES ('4129496', 'TR1', '2023', '9. Matchday', '2023-10-22', '152', '6890', '0', '0', '20.0', '17.0', 'Markus Gisdol', 'Çağdaş Atan', 'Samsun Yeni 19 Mayıs Stadyumu', '12965.0', 'Murat Erdoğan', 'https://www.transfermarkt.co.uk/samsunspor_basaksehir-fk/index/spielbericht/4129496', '4-4-2 double 6', '4-4-2 double 6', 'Samsunspor', 'Basaksehir FK', '0:0', 'domestic_league');
INSERT INTO games VALUES ('4129515', 'TR1', '2023', '11. Matchday', '2023-11-03', '141', '10484', '2', '1', '1.0', '7.0', 'Okan Buruk', 'Kemal Özdeş', 'Ali Sami Yen Spor Kompleksi RAMS Park', NULL, 'Arda Kardeşler', 'https://www.transfermarkt.co.uk/galatasaray_kasimpasa/index/spielbericht/4129515', '4-2-3-1', '4-2-3-1', 'Galatasaray', 'Kasimpasa', '2:1', 'domestic_league');
INSERT INTO games VALUES ('4126821', 'TR1', '2023', '4. Matchday', '2023-09-03', '7775', '3840', '3', '3', '7.0', '3.0', 'Volkan Demirel', 'Patrick Kluivert', 'Mersin Stadyumu', '8544.0', 'Sarper Barış Saka', 'https://www.transfermarkt.co.uk/hatayspor_adana-demirspor/index/spielbericht/4126821', '4-3-3 Attacking', '4-2-3-1', 'Hatayspor', 'Adana Demirspor', '3:3', 'domestic_league');INSERT INTO games VALUES ('4087929', 'GB1', '2023', '1. Matchday', '2023-08-12', '350', '873', '0', '1', '15.0', '5.0', 'Paul Heckingbottom', 'Roy Hodgson', 'Bramall Lane', '31194.0', 'John Brooks', 'https://www.transfermarkt.co.uk/sheffield-united_crystal-palace/index/spielbericht/4087929', '3-5-2 flat', '4-2-3-1', 'Sheffield United', 'Crystal Palace', '0:1', 'domestic_league');
INSERT INTO games VALUES ('4087952', 'GB1', '2023', '3. Matchday', '2023-08-27', '762', '31', '1', '2', '13.0', '4.0', 'Eddie Howe', 'Jürgen Klopp', 'St James Park', '52214.0', 'John Brooks', 'https://www.transfermarkt.co.uk/newcastle-united_liverpool-fc/index/spielbericht/4087952', '4-3-3 Attacking', '4-3-3 Attacking', 'Newcastle United', 'Liverpool FC', '1:2', 'domestic_league');
INSERT INTO games VALUES ('4087962', 'GB1', '2023', '4. Matchday', '2023-09-02', '281', '931', '5', '1', '1.0', '13.0', 'Pep Guardiola', 'Marco Silva', 'Etihad Stadium', '52899.0', 'Michael Oliver', 'https://www.transfermarkt.co.uk/manchester-city_fulham-fc/index/spielbericht/4087962', '4-2-3-1', '4-3-3 Attacking', 'Manchester City', 'Fulham FC', '5:1', 'domestic_league');
INSERT INTO games VALUES ('4087965', 'GB1', '2023', '5. Matchday', '2023-09-16', '405', '873', '3', '1', '7.0', '9.0', 'Unai Emery', 'Patrick McCarthy', 'Villa Park', '40809.0', 'Darren England', 'https://www.transfermarkt.co.uk/aston-villa_crystal-palace/index/spielbericht/4087965', '4-2-3-1', '4-2-3-1', 'Aston Villa', 'Crystal Palace', '3:1', 'domestic_league');
INSERT INTO games VALUES ('4095066', 'GB1', '2023', '6. Matchday', '2023-09-24', '631', '405', '0', '1', '14.0', '6.0', 'Mauricio Pochettino', 'Unai Emery', 'Stamford Bridge', '39700.0', 'Jarred Gillett', 'https://www.transfermarkt.co.uk/chelsea-fc_aston-villa/index/spielbericht/4095066', '4-2-3-1', '4-2-3-1', 'Chelsea FC', 'Aston Villa', '0:1', 'domestic_league');
INSERT INTO games VALUES ('4087967', 'GB1', '2023', '5. Matchday', '2023-09-16', '985', '1237', '1', '3', '13.0', '5.0', 'Erik ten Hag', 'Roberto De Zerbi', 'Old Trafford', '73592.0', 'Jarred Gillett', 'https://www.transfermarkt.co.uk/manchester-united_brighton-amp-hove-albion/index/spielbericht/4087967', '4-4-2 Diamond', '4-2-3-1', 'Manchester United', 'Brighton & Hove Albion', '1:3', 'domestic_league');
INSERT INTO games VALUES ('4095137', 'GB1', '2023', '7. Matchday', '2023-09-30', '405', '1237', '6', '1', '5.0', '6.0', 'Unai Emery', 'Roberto De Zerbi', 'Villa Park', '40636.0', 'Andrew Madley', 'https://www.transfermarkt.co.uk/aston-villa_brighton-amp-hove-albion/index/spielbericht/4095137', '4-2-3-1', '4-2-3-1', 'Aston Villa', 'Brighton & Hove Albion', '6:1', 'domestic_league');
INSERT INTO games VALUES ('4087956', 'GB1', '2023', '4. Matchday', '2023-09-02', '1237', '762', '3', '1', '6.0', '14.0', 'Roberto De Zerbi', 'Eddie Howe', 'AMEX Stadium', '31620.0', 'Stuart Attwell', 'https://www.transfermarkt.co.uk/brighton-amp-hove-albion_newcastle-united/index/spielbericht/4087956', '4-2-3-1', '4-3-3 Attacking', 'Brighton & Hove Albion', 'Newcastle United', '3:1', 'domestic_league');
INSERT INTO games VALUES ('4095136', 'GB1', '2023', '7. Matchday', '2023-09-30', '989', '11', '0', '4', '19.0', '3.0', 'Andoni Iraola', 'Mikel Arteta', 'Vitality Stadium', NULL, 'Michael Salisbury', 'https://www.transfermarkt.co.uk/afc-bournemouth_arsenal-fc/index/spielbericht/4095136', '4-2-3-1', '4-3-3 Attacking', 'AFC Bournemouth', 'Arsenal FC', '0:4', 'domestic_league');
INSERT INTO games VALUES ('4095139', 'GB1', '2023', '7. Matchday', '2023-10-02', '931', '631', '0', '2', '13.0', '11.0', 'Marco Silva', 'Mauricio Pochettino', 'Craven Cottage', '24445.0', 'Tim Robinson', 'https://www.transfermarkt.co.uk/fulham-fc_chelsea-fc/index/spielbericht/4095139', '4-3-3 Attacking', '4-3-3 Attacking', 'Fulham FC', 'Chelsea FC', '0:2', 'domestic_league');
INSERT INTO games VALUES ('4095141', 'GB1', '2023', '7. Matchday', '2023-10-01', '703', '1148', '1', '1', '12.0', '14.0', 'Steve Cooper', 'Thomas Frank', 'The City Ground', NULL, 'Paul Tierney', 'https://www.transfermarkt.co.uk/nottingham-forest_brentford-fc/index/spielbericht/4095141', '4-3-3 Attacking', '4-3-3 Defending', 'Nottingham Forest', 'Brentford FC', '1:1', 'domestic_league');
INSERT INTO games VALUES ('4095067', 'GB1', '2023', '6. Matchday', '2023-09-23', '873', '931', '0', '0', '10.0', '11.0', 'Roy Hodgson', 'Marco Silva', 'Selhurst Park', '25072.0', 'Paul Tierney', 'https://www.transfermarkt.co.uk/crystal-palace_fulham-fc/index/spielbericht/4095067', '4-2-3-1', '4-3-3 Attacking', 'Crystal Palace', 'Fulham FC', '0:0', 'domestic_league');
INSERT INTO games VALUES ('4095138', 'GB1', '2023', '7. Matchday', '2023-09-30', '29', '1031', '1', '2', '16.0', '17.0', 'Sean Dyche', 'Rob Edwards', 'Goodison Park', '39271.0', 'Anthony Taylor', 'https://www.transfermarkt.co.uk/everton-fc_luton-town/index/spielbericht/4095138', '4-4-1-1', '3-4-2-1', 'Everton FC', 'Luton Town', '1:2', 'domestic_league');
INSERT INTO games VALUES ('4095151', 'GB1', '2023', '8. Matchday', '2023-10-07', '931', '350', '3', '1', '12.0', '20.0', 'Marco Silva', 'Paul Heckingbottom', 'Craven Cottage', '24361.0', 'Samuel Barrott', 'https://www.transfermarkt.co.uk/fulham-fc_sheffield-united/index/spielbericht/4095151', '4-3-3 Attacking', '3-5-2 flat', 'Fulham FC', 'Sheffield United', '3:1', 'domestic_league');
INSERT INTO games VALUES ('4095159', 'GB1', '2023', '9. Matchday', '2023-10-21', '631', '11', '2', '2', '10.0', '3.0', 'Mauricio Pochettino', 'Mikel Arteta', 'Stamford Bridge', '39723.0', 'Chris Kavanagh', 'https://www.transfermarkt.co.uk/chelsea-fc_arsenal-fc/index/spielbericht/4095159', '4-2-3-1', '4-3-3 Attacking', 'Chelsea FC', 'Arsenal FC', '2:2', 'domestic_league');
INSERT INTO games VALUES ('4095171', 'GB1', '2023', '10. Matchday', '2023-10-27', '873', '148', '1', '2', '13.0', '1.0', 'Roy Hodgson', 'Ange Postecoglou', 'Selhurst Park', NULL, 'Andrew Madley', 'https://www.transfermarkt.co.uk/crystal-palace_tottenham-hotspur/index/spielbericht/4095171', '4-2-3-1', '4-2-3-1', 'Crystal Palace', 'Tottenham Hotspur', '1:2', 'domestic_league');
INSERT INTO games VALUES ('4095165', 'GB1', '2023', '9. Matchday', '2023-10-23', '148', '931', '2', '0', '1.0', '13.0', 'Ange Postecoglou', 'Marco Silva', 'Tottenham Hotspur Stadium', '61286.0', 'Anthony Taylor', 'https://www.transfermarkt.co.uk/tottenham-hotspur_fulham-fc/index/spielbericht/4095165', '4-2-3-1', '4-2-3-1', 'Tottenham Hotspur', 'Fulham FC', '2:0', 'domestic_league');
INSERT INTO games VALUES ('4095175', 'GB1', '2023', '10. Matchday', '2023-10-28', '543', '762', '2', '2', '12.0', '6.0', 'Gary ONeil', 'Eddie Howe', 'Molineux Stadium', '31584.0', 'Anthony Taylor', 'https://www.transfermarkt.co.uk/wolverhampton-wanderers_newcastle-united/index/spielbericht/4095175', '4-4-2', '4-3-3 Attacking', 'Wolverhampton Wanderers', 'Newcastle United', '2:2', 'domestic_league');
INSERT INTO games VALUES ('4095166', 'GB1', '2023', '10. Matchday', '2023-10-28', '989', '1132', '2', '1', '17.0', '19.0', 'Andoni Iraola', 'Vincent Kompany', 'Vitality Stadium', '11152.0', 'Samuel Barrott', 'https://www.transfermarkt.co.uk/afc-bournemouth_burnley-fc/index/spielbericht/4095166', '4-2-3-1', '4-3-3 Attacking', 'AFC Bournemouth', 'Burnley FC', '2:1', 'domestic_league');
INSERT INTO games VALUES ('4095153', 'GB1', '2023', '8. Matchday', '2023-10-07', '985', '1148', '2', '1', '10.0', '15.0', 'Erik ten Hag', 'Thomas Frank', 'Old Trafford', '73453.0', 'Andrew Madley', 'https://www.transfermarkt.co.uk/manchester-united_brentford-fc/index/spielbericht/4095153', '4-2-3-1', '3-5-2 flat', 'Manchester United', 'Brentford FC', '2:1', 'domestic_league');INSERT INTO games VALUES ('4095972', 'L1', '2023', '1. Matchday', '2023-08-19', '82', '2036', '2', '0', '4.0', '15.0', 'Niko Kovac', 'Frank Schmidt', 'Volkswagen Arena', '22620.0', 'Florian Badstübner', 'https://www.transfermarkt.co.uk/vfl-wolfsburg_1-fc-heidenheim-1846/index/spielbericht/4095972', '4-3-3 Attacking', '4-1-3-2', 'VfL Wolfsburg', '1.FC Heidenheim 1846', '2:0', 'domestic_league');
INSERT INTO games VALUES ('4095997', 'L1', '2023', '4. Matchday', '2023-09-16', '82', '89', '2', '1', '6.0', '8.0', 'Niko Kovac', 'Urs Fischer', 'Volkswagen Arena', '28217.0', 'Dr. Felix Brych', 'https://www.transfermarkt.co.uk/vfl-wolfsburg_1-fc-union-berlin/index/spielbericht/4095997', '4-2-3-1', '3-5-2 flat', 'VfL Wolfsburg', '1.FC Union Berlin', '2:1', 'domestic_league');
INSERT INTO games VALUES ('4096019', 'L1', '2023', '6. Matchday', '2023-09-30', '2036', '89', '1', '0', '10.0', '11.0', 'Frank Schmidt', 'Urs Fischer', 'Voith-Arena', '15000.0', 'Sascha Stegemann', 'https://www.transfermarkt.co.uk/1-fc-heidenheim-1846_1-fc-union-berlin/index/spielbericht/4096019', '4-2-3-1', '3-4-3', '1.FC Heidenheim 1846', '1.FC Union Berlin', '1:0', 'domestic_league');
INSERT INTO games VALUES ('4096022', 'L1', '2023', '7. Matchday', '2023-10-07', '16', '89', '4', '2', '4.0', '13.0', 'Edin Terzic', 'Urs Fischer', 'SIGNAL IDUNA PARK', '81365.0', 'Patrick Ittrich', 'https://www.transfermarkt.co.uk/borussia-dortmund_1-fc-union-berlin/index/spielbericht/4096022', '4-2-3-1', '3-5-2 flat', 'Borussia Dortmund', '1.FC Union Berlin', '4:2', 'domestic_league');
INSERT INTO games VALUES ('4096032', 'L1', '2023', '8. Matchday', '2023-10-21', '60', '80', '2', '1', '8.0', '17.0', 'Christian Streich', 'Thomas Letsch', 'Europa-Park Stadion', '33900.0', 'Tobias Reichel', 'https://www.transfermarkt.co.uk/sc-freiburg_vfl-bochum/index/spielbericht/4096032', '3-4-3', '3-4-3', 'SC Freiburg', 'VfL Bochum', '2:1', 'domestic_league');
INSERT INTO games VALUES ('4096044', 'L1', '2023', '9. Matchday', '2023-10-28', '86', '89', '2', '0', '12.0', '15.0', 'Ole Werner', 'Urs Fischer', 'Wohninvest-Weserstadion', '42100.0', 'Tobias Stieler', 'https://www.transfermarkt.co.uk/sv-werder-bremen_1-fc-union-berlin/index/spielbericht/4096044', '3-1-4-2', '3-1-4-2', 'SV Werder Bremen', '1.FC Union Berlin', '2:0', 'domestic_league');
INSERT INTO games VALUES ('4095971', 'L1', '2023', '1. Matchday', '2023-08-20', '24', '105', '1', '0', '8.0', '14.0', 'Dino Toppmöller', 'Torsten Lieberknecht', 'Commerzbank Arena', '54000.0', 'Harm Osmers', 'https://www.transfermarkt.co.uk/eintracht-frankfurt_sv-darmstadt-98/index/spielbericht/4095971', '3-4-2-1', '3-4-3', 'Eintracht Frankfurt', 'SV Darmstadt 98', '1:0', 'domestic_league');
INSERT INTO games VALUES ('4096014', 'L1', '2023', '6. Matchday', '2023-09-30', '82', '24', '2', '0', '7.0', '9.0', 'Niko Kovac', 'Dino Toppmöller', 'Volkswagen Arena', '28323.0', 'Frank Willenborg', 'https://www.transfermarkt.co.uk/vfl-wolfsburg_eintracht-frankfurt/index/spielbericht/4096014', '4-2-3-1', '3-4-2-1', 'VfL Wolfsburg', 'Eintracht Frankfurt', '2:0', 'domestic_league');
INSERT INTO games VALUES ('4095987', 'L1', '2023', '3. Matchday', '2023-09-02', '15', '105', '5', '1', '1.0', '18.0', 'Xabi Alonso', 'Torsten Lieberknecht', 'BayArena', '29653.0', 'Sven Jablonski', 'https://www.transfermarkt.co.uk/bayer-04-leverkusen_sv-darmstadt-98/index/spielbericht/4095987', '3-4-2-1', '3-4-1-2', 'Bayer 04 Leverkusen', 'SV Darmstadt 98', '5:1', 'domestic_league');
INSERT INTO games VALUES ('4096009', 'L1', '2023', '5. Matchday', '2023-09-23', '86', '3', '2', '1', '11.0', '16.0', 'Ole Werner', 'Steffen Baumgart', 'Wohninvest-Weserstadion', '42100.0', 'Bastian Dankert', 'https://www.transfermarkt.co.uk/sv-werder-bremen_1-fc-koln/index/spielbericht/4096009', '3-5-2', '4-2-3-1', 'SV Werder Bremen', '1.FC Köln', '2:1', 'domestic_league');
INSERT INTO games VALUES ('4096013', 'L1', '2023', '6. Matchday', '2023-10-01', '60', '167', '2', '0', '8.0', '14.0', 'Christian Streich', 'Enrico Maaßen', 'Europa-Park Stadion', '33134.0', 'Harm Osmers', 'https://www.transfermarkt.co.uk/sc-freiburg_fc-augsburg/index/spielbericht/4096013', '3-4-3', '3-4-2-1', 'SC Freiburg', 'FC Augsburg', '2:0', 'domestic_league');
INSERT INTO games VALUES ('4096023', 'L1', '2023', '7. Matchday', '2023-10-07', '23826', '80', '0', '0', '6.0', '16.0', 'Marco Rose', 'Thomas Letsch', 'Red Bull Arena', '44269.0', 'Timo Gerach', 'https://www.transfermarkt.co.uk/rb-leipzig_vfl-bochum/index/spielbericht/4096023', '4-4-2', '3-5-2 flat', 'RB Leipzig', 'VfL Bochum', '0:0', 'domestic_league');
INSERT INTO games VALUES ('4096035', 'L1', '2023', '8. Matchday', '2023-10-22', '3', '18', '3', '1', '16.0', '13.0', 'Steffen Baumgart', 'Gerardo Seoane', 'RheinEnergieSTADION', '50000.0', 'Deniz Aytekin', 'https://www.transfermarkt.co.uk/1-fc-koln_borussia-monchengladbach/index/spielbericht/4096035', '4-2-3-1', '3-5-2 flat', '1.FC Köln', 'Borussia Mönchengladbach', '3:1', 'domestic_league');
INSERT INTO games VALUES ('4096000', 'L1', '2023', '4. Matchday', '2023-09-16', '80', '24', '1', '1', '13.0', '9.0', 'Thomas Letsch', 'Dino Toppmöller', 'Vonovia Ruhrstadion', '26000.0', 'Benjamin Brand', 'https://www.transfermarkt.co.uk/vfl-bochum_eintracht-frankfurt/index/spielbericht/4096000', '3-5-2 flat', '3-4-2-1', 'VfL Bochum', 'Eintracht Frankfurt', '1:1', 'domestic_league');
INSERT INTO games VALUES ('4096021', 'L1', '2023', '7. Matchday', '2023-10-08', '27', '60', '3', '0', '3.0', '9.0', 'Thomas Tuchel', 'Christian Streich', 'Allianz Arena', '75000.0', 'Robert Schröder', 'https://www.transfermarkt.co.uk/bayern-munich_sc-freiburg/index/spielbericht/4096021', '4-2-3-1', '4-4-2 double 6', 'Bayern Munich', 'SC Freiburg', '3:0', 'domestic_league');
INSERT INTO games VALUES ('4096028', 'L1', '2023', '7. Matchday', '2023-10-07', '167', '105', '1', '2', '15.0', '11.0', 'Enrico Maaßen', 'Torsten Lieberknecht', 'WWK ARENA', '29200.0', 'Deniz Aytekin', 'https://www.transfermarkt.co.uk/fc-augsburg_sv-darmstadt-98/index/spielbericht/4096028', '3-4-2-1', '3-4-1-2', 'FC Augsburg', 'SV Darmstadt 98', '1:2', 'domestic_league');
INSERT INTO games VALUES ('4096056', 'L1', '2023', '10. Matchday', '2023-11-03', '105', '80', '1', '2', '15.0', '14.0', 'Torsten Lieberknecht', 'Thomas Letsch', 'Merck-Stadion am Böllenfalltor', '17810.0', 'Marco Fritz', 'https://www.transfermarkt.co.uk/sv-darmstadt-98_vfl-bochum/index/spielbericht/4096056', '3-4-1-2', '3-4-2-1', 'SV Darmstadt 98', 'VfL Bochum', '1:2', 'domestic_league');
INSERT INTO games VALUES ('4095994', 'L1', '2023', '4. Matchday', '2023-09-15', '27', '15', '2', '2', '2.0', '1.0', 'Thomas Tuchel', 'Xabi Alonso', 'Allianz Arena', '75000.0', 'Daniel Schlager', 'https://www.transfermarkt.co.uk/bayern-munich_bayer-04-leverkusen/index/spielbericht/4095994', '4-2-3-1', '3-4-2-1', 'Bayern Munich', 'Bayer 04 Leverkusen', '2:2', 'domestic_league');
INSERT INTO games VALUES ('4096041', 'L1', '2023', '9. Matchday', '2023-10-29', '15', '60', '2', '1', '1.0', '8.0', 'Xabi Alonso', 'Christian Streich', 'BayArena', '30210.0', 'Daniel Siebert', 'https://www.transfermarkt.co.uk/bayer-04-leverkusen_sc-freiburg/index/spielbericht/4096041', '3-4-2-1', '4-3-3 Attacking', 'Bayer 04 Leverkusen', 'SC Freiburg', '2:1', 'domestic_league');
INSERT INTO games VALUES ('4095985', 'L1', '2023', '3. Matchday', '2023-09-01', '16', '2036', '2', '2', '9.0', '15.0', 'Edin Terzic', 'Frank Schmidt', 'SIGNAL IDUNA PARK', '81365.0', 'Tobias Reichel', 'https://www.transfermarkt.co.uk/borussia-dortmund_1-fc-heidenheim-1846/index/spielbericht/4095985', '4-3-3 Attacking', '4-2-3-1', 'Borussia Dortmund', '1.FC Heidenheim 1846', '2:2', 'domestic_league');
--------------------------------------- GAMES LINEUPS ---------------------------------------------------------

INSERT INTO game_lineups VALUES ('4095972', '28b7f906d8a7d8b69c5af8adc666649a', '82', 'starting_lineup', '1', '108880', 'Koen Casteels', '1', 'Goalkeeper');
INSERT INTO game_lineups VALUES ('4095972', '5d75ed9f04e95314b0271ffb8063ae8e', '82', 'starting_lineup', '31', '119277', 'Yannick Gerhardt', '0', 'Defensive Midfield');
INSERT INTO game_lineups VALUES ('4095972', '15cff7dce7a8a1a63c14504c2d48bebb', '82', 'starting_lineup', '19', '387106', 'Lovro Majer', '0', 'Central Midfield');
INSERT INTO game_lineups VALUES ('4095972', '0d08bbee8b2b57aca69a44f72acf5156', '82', 'starting_lineup', '32', '342405', 'Mattias Svanberg', '0', 'Central Midfield');
INSERT INTO game_lineups VALUES ('4095972', '761f28b94782de0e47182b0f6dc19144', '82', 'starting_lineup', '39', '533295', 'Patrick Wimmer', '0', 'Left Winger');
INSERT INTO game_lineups VALUES ('4095972', '165097499d832aed5c6c831a68811042', '82', 'starting_lineup', '7', '242063', 'Vaclav Cerny', '0', 'Right Winger');
INSERT INTO game_lineups VALUES ('4095972', 'b498e6df556522cb12a7a9eeb48c2d84', '82', 'starting_lineup', '23', '391004', 'Jonas Wind', '0', 'Centre-Forward');
INSERT INTO game_lineups VALUES ('4095972', 'de2181812652c58bcb01756f288ffc3d', '82', 'starting_lineup', '20', '327251', 'Ridle Baku', '0', 'Right-Back');
INSERT INTO game_lineups VALUES ('4095972', '61071c79e3c0be6769390405060deca1', '82', 'starting_lineup', '4', '434224', 'Maxence Lacroix', '0', 'Centre-Back');
INSERT INTO game_lineups VALUES ('4095972', '95f9f9380f5bab5a2d0c9397df4b8abc', '82', 'starting_lineup', '21', '369674', 'Joakim Maehle', '0', 'Left-Back');
INSERT INTO game_lineups VALUES ('4095972', 'a8ac6f9af112cccf90bf7780526136fa', '82', 'starting_lineup', '5', '382478', 'Cédric Zesiger', '0', 'Centre-Back');
INSERT INTO game_lineups VALUES ('4095972', '3ce74cb839ceb1c5e06c7ed0005e46fe', '82', 'substitutes', '16', '407098', 'Jakub Kaminski', '0', 'Left Winger');
INSERT INTO game_lineups VALUES ('4095972', 'c0937daf40d6c0e5c1853fa5319d04fb', '82', 'substitutes', '25', '460245', 'Moritz Jenz', '0', 'Centre-Back');
INSERT INTO game_lineups VALUES ('4095972', 'fa4a0ace98037c4b25f8091e1274517d', '82', 'substitutes', '11', '616344', 'Tiago Tomás', '0', 'Centre-Forward');
INSERT INTO game_lineups VALUES ('4095972', 'bebe53e63f1535694e8f153c901faffb', '82', 'substitutes', '18', '819636', 'Dzenan Pejcinovic', '0', 'Centre-Forward');
INSERT INTO game_lineups VALUES ('4095972', 'ce39e736c7eba8895b6fd31a7eaebd26', '82', 'substitutes', '40', '711517', 'Kevin Paredes', '0', 'Left Midfield');
INSERT INTO game_lineups VALUES ('4095972', 'e5d8fec18a41bec6b6172a9244754a4f', '82', 'substitutes', '6', '503881', 'Aster Vranckx', '0', 'Central Midfield');
INSERT INTO game_lineups VALUES ('4095972', '22101d5511e1f38945898914761ec0a8', '82', 'substitutes', '8', '485965', 'Nicolas Cozza', '0', 'Left-Back');
INSERT INTO game_lineups VALUES ('4095972', '82834e9a69adedb5cbedfeec103bdac3', '82', 'substitutes', '3', '338629', 'Sebastiaan Bornauw', '0', 'Centre-Back');
INSERT INTO game_lineups VALUES ('4095972', 'c382184983b1ba05f1eae4a00a42b014', '82', 'substitutes', '12', '51977', 'Pavao Pervan', '0', 'Goalkeeper');
INSERT INTO game_lineups VALUES ('4095972', '955f2c563704327d127ef5a842c14a72', '2036', 'starting_lineup', '2', '117478', 'Marnon Busch', '0', 'Right-Back');
INSERT INTO game_lineups VALUES ('4095972', 'c5589c13ace51fdd3951a0d25fd6dd9d', '2036', 'starting_lineup', '33', '392710', 'Lennard Maloney', '0', 'Defensive Midfield');
INSERT INTO game_lineups VALUES ('4095972', '786a7fd26282c63ffe91d78472a70be0', '2036', 'starting_lineup', '21', '273669', 'Adrian Beck', '0', 'Attacking Midfield');
INSERT INTO game_lineups VALUES ('4095972', '195558094453f444fd708012cf2da86c', '2036', 'starting_lineup', '17', '191359', 'Florian Pick', '0', 'Left Winger');
INSERT INTO game_lineups VALUES ('4095972', '76782ff31a4a2fc1121d9a55f5074bc0', '2036', 'starting_lineup', '8', '645774', 'Eren Dinkçi', '0', 'Right Winger');
INSERT INTO game_lineups VALUES ('4095972', 'a3d5c95de2c6015a8a89926b98d348ef', '2036', 'starting_lineup', '18', '471055', 'Marvin Pieringer', '0', 'Second Striker');
INSERT INTO game_lineups VALUES ('4095972', '5195f4696c903257b5323258b2840870', '2036', 'starting_lineup', '19', '192169', 'Jonas Föhrenbach', '0', 'Left-Back');
INSERT INTO game_lineups VALUES ('4095972', '226975330723f000b2055fcd7b8f88be', '2036', 'starting_lineup', '10', '193033', 'Tim Kleindienst', '0', 'Centre-Forward');
INSERT INTO game_lineups VALUES ('4095972', '5683348824b3ab24b35c6315faa96163', '2036', 'starting_lineup', '1', '43824', 'Kevin Müller', '0', 'Goalkeeper');
INSERT INTO game_lineups VALUES ('4095972', 'dc5da25dcf93f9a18bb8425fe5f1b32f', '2036', 'starting_lineup', '4', '337092', 'Tim Siersleben', '0', 'Centre-Back');
INSERT INTO game_lineups VALUES ('4095972', 'c8e9e74f099055c64e6920fa54fcb116', '2036', 'starting_lineup', '6', '133731', 'Patrick Mainka', '1', 'Centre-Back');
INSERT INTO game_lineups VALUES ('4095972', '82b1bbf80001b493f510151998312a69', '2036', 'substitutes', '16', '448028', 'Kevin Sessa', '0', 'Central Midfield');
INSERT INTO game_lineups VALUES ('4095972', 'd5a60abaa10f310da0575e70a4586b35', '2036', 'substitutes', '22', '57796', 'Vitus Eicher', '0', 'Goalkeeper');
INSERT INTO game_lineups VALUES ('4095972', '224061abe82f7deb70f174480f07274e', '2036', 'substitutes', '23', '388294', 'Omar Haktab Traoré', '0', 'Right-Back');
INSERT INTO game_lineups VALUES ('4095972', '020bc2f18c487aa2273bd58ed73a1c68', '2036', 'substitutes', '30', '31599', 'Norman Theuerkauf', '0', 'Left-Back');
INSERT INTO game_lineups VALUES ('4095972', '1cb699d64728c1c524a8fc57690b127f', '2036', 'substitutes', '5', '227084', 'Benedikt Gimber', '0', 'Defensive Midfield');
INSERT INTO game_lineups VALUES ('4095972', '5bbc77ef240c9ceeb4fa040853a34420', '2036', 'substitutes', '9', '394033', 'Stefan Schimmer', '0', 'Centre-Forward');
INSERT INTO game_lineups VALUES ('4095972', '0582889b33b2ebd29e12f169948d85f5', '2036', 'substitutes', '20', '120189', 'Nikola Dovedan', '0', 'Second Striker');
INSERT INTO game_lineups VALUES ('4095972', '6a19360caa9c00c2b07074672d6101c8', '2036', 'substitutes', '11', '94030', 'Denis Thomalla', '0', 'Attacking Midfield');
INSERT INTO game_lineups VALUES ('4095972', '085f8416da1542e52e8f39d619121503', '2036', 'substitutes', '3', '581357', 'Jan Schöppner', '0', 'Central Midfield');
INSERT INTO game_lineups VALUES ('4095997', '38453c0beccf23f8e5242b143aa33014', '82', 'starting_lineup', '4', '434224', 'Maxence Lacroix', '0', 'Centre-Back');
INSERT INTO game_lineups VALUES ('4095997', 'fcef990d2e9f673bc5a5293e81a08937', '82', 'starting_lineup', '27', '117674', 'Maximilian Arnold', '1', 'Defensive Midfield');
INSERT INTO game_lineups VALUES ('4095997', 'c061c60738aae64e468cba6e5cbae5e2', '82', 'starting_lineup', '19', '387106', 'Lovro Majer', '0', 'Attacking Midfield');
INSERT INTO game_lineups VALUES ('4095997', '79dcc2f54901cb73f9db7819a91d8923', '82', 'starting_lineup', '39', '533295', 'Patrick Wimmer', '0', 'Right Winger');
INSERT INTO game_lineups VALUES ('4095997', '8360351af3e0bd276f62343e9d4b339f', '82', 'starting_lineup', '31', '119277', 'Yannick Gerhardt', '0', 'Left Midfield');
INSERT INTO game_lineups VALUES ('4095997', 'cd44725a6e3f6b9dd256281c71e6b246', '82', 'starting_lineup', '32', '342405', 'Mattias Svanberg', '0', 'Defensive Midfield');
INSERT INTO game_lineups VALUES ('4095997', '4bfa3276a979b6dfccb09a5e2682174f', '82', 'starting_lineup', '13', '401527', 'Rogério', '0', 'Left-Back');
INSERT INTO game_lineups VALUES ('4095997', 'bbaaf466f5e89036bbb357b0df4f20d9', '82', 'starting_lineup', '25', '460245', 'Moritz Jenz', '0', 'Centre-Back');
INSERT INTO game_lineups VALUES ('4095997', '07630f85baff76ac3522ec715b4eb6a6', '82', 'starting_lineup', '23', '391004', 'Jonas Wind', '0', 'Centre-Forward');
INSERT INTO game_lineups VALUES ('4095997', '84c15db1409d6863d412cb367f532a86', '82', 'starting_lineup', '21', '369674', 'Joakim Maehle', '0', 'Right-Back');
INSERT INTO game_lineups VALUES ('4095997', 'bf9a1cfa6b0147cfc7a0c92fb8d762e8', '82', 'starting_lineup', '1', '108880', 'Koen Casteels', '0', 'Goalkeeper');
INSERT INTO game_lineups VALUES ('4095997', 'e3a02d32eb7752c25ee3ec6ce7613768', '82', 'substitutes', '5', '382478', 'Cédric Zesiger', '0', 'Centre-Back');
INSERT INTO game_lineups VALUES ('4095997', 'bb8a79e044da84ad34ebaaae1457fa5c', '82', 'substitutes', '11', '616344', 'Tiago Tomás', '0', 'Left Winger');
INSERT INTO game_lineups VALUES ('4095997', '6b15ac0ae30830ef65c85bdd7a0fae74', '82', 'substitutes', '40', '711517', 'Kevin Paredes', '0', 'Left Midfield');
INSERT INTO game_lineups VALUES ('4095997', '1d219acd56ae09173b6b91737d4318e4', '82', 'substitutes', '7', '242063', 'Vaclav Cerny', '0', 'Right Winger');
INSERT INTO game_lineups VALUES ('4095997', '13abfcf171dc8b87475f15873d530f53', '82', 'substitutes', '16', '407098', 'Jakub Kaminski', '0', 'Left Winger');
INSERT INTO game_lineups VALUES ('4095997', 'de1630b5394325b1ad9cd0f0b269cb52', '82', 'substitutes', '12', '51977', 'Pavao Pervan', '0', 'Goalkeeper');
INSERT INTO game_lineups VALUES ('4095997', '1a619173759e32f41ddaf137fe8be6f0', '82', 'substitutes', '20', '327251', 'Ridle Baku', '0', 'Right-Back');
INSERT INTO game_lineups VALUES ('4095997', 'd81b0acc5551f0d12a492887a97dd836', '82', 'substitutes', '3', '338629', 'Sebastiaan Bornauw', '0', 'Centre-Back');
INSERT INTO game_lineups VALUES ('4095997', '63bc23e3a51fee38ce7f67c4462ec567', '82', 'substitutes', '9', '748382', 'Amin Sarr', '0', 'Centre-Forward');
INSERT INTO game_lineups VALUES ('4095997', '770db74577a90d558fb234438d20683a', '89', 'starting_lineup', '19', '177779', 'Janik Haberer', '0', 'Central Midfield');
INSERT INTO game_lineups VALUES ('4095997', 'c34b26af7ec741af847747e99068dada', '89', 'starting_lineup', '20', '233782', 'Aïssa Laïdouni', '0', 'Central Midfield');
INSERT INTO game_lineups VALUES ('4095997', 'f731a75383cb264f41ad2830c83db9f4', '89', 'starting_lineup', '33', '337333', 'Alex Kral', '0', 'Central Midfield');
INSERT INTO game_lineups VALUES ('4095997', '6d427bfd4b71633d69ae4827b8a3f9c3', '89', 'starting_lineup', '31', '94201', 'Robin Knoche', '0', 'Centre-Back');
INSERT INTO game_lineups VALUES ('4095997', '3946e160724f450f34c6d2f2b8e556d9', '89', 'starting_lineup', '5', '387047', 'Danilho Doekhi', '0', 'Centre-Back');
INSERT INTO game_lineups VALUES ('4095997', 'fd34305148273755da464713baa4dbfb', '89', 'starting_lineup', '4', '357156', 'Diogo Leite', '0', 'Centre-Back');
INSERT INTO game_lineups VALUES ('4095997', '2c6463d2b741a4e9aabe75e25cb9fd02', '89', 'starting_lineup', '1', '107775', 'Frederik Rönnow', '0', 'Goalkeeper');
INSERT INTO game_lineups VALUES ('4095997', '17334fb6f65958634f03416328d7ee60', '89', 'starting_lineup', '28', '75921', 'Christopher Trimmel', '1', 'Right Midfield');
INSERT INTO game_lineups VALUES ('4095997', '61e175c157fb17c6f6b0a324a9a7e8b8', '89', 'starting_lineup', '6', '273132', 'Robin Gosens', '0', 'Left Midfield');
INSERT INTO game_lineups VALUES ('4095997', '5bc80365657c39f0b43d85647c7c6186', '89', 'starting_lineup', '17', '117432', 'Kevin Behrens', '0', 'Centre-Forward');
INSERT INTO game_lineups VALUES ('4095997', 'ef09430f97b6b0df9cfbe8d8a5c4eef8', '89', 'starting_lineup', '11', '787232', 'David Datro Fofana', '0', 'Centre-Forward');
INSERT INTO game_lineups VALUES ('4095997', 'ecdd5890d07174038faa7b29432b44b5', '89', 'substitutes', '26', '127076', 'Jérôme Roussillon', '0', 'Left-Back');
INSERT INTO game_lineups VALUES ('4095997', '49cff4199b4c36151d9bb21d449a3e37', '89', 'substitutes', '29', '353948', 'Lucas Tousart', '0', 'Defensive Midfield');
INSERT INTO game_lineups VALUES ('4095997', '9611d194dc95a3fce3ffdaee0369ea17', '89', 'substitutes', '7', '393323', 'Brenden Aaronson', '0', 'Attacking Midfield');
INSERT INTO game_lineups VALUES ('4095997', '896daf02b748ffb42e2b2fefff75b6f0', '89', 'substitutes', '27', '188888', 'Sheraldo Becker', '0', 'Centre-Forward');
INSERT INTO game_lineups VALUES ('4095997', '80a8644cf685403a7c427a70a7bf6f43', '89', 'substitutes', '23', '39983', 'Leonardo Bonucci', '0', 'Centre-Back');
INSERT INTO game_lineups VALUES ('4095997', '9ed193736988b10a723c908a3822018f', '89', 'substitutes', '9', '545332', 'Mikkel Kaufmann', '0', 'Centre-Forward');
INSERT INTO game_lineups VALUES ('4095997', '775308bba2740708f0beb6b8c32a4954', '89', 'substitutes', '16', '453870', 'Benedict Hollerbach', '0', 'Centre-Forward');
INSERT INTO game_lineups VALUES ('4095997', 'd2bca2da522a1ec3fd3ec421cd5076ce', '89', 'substitutes', '37', '93763', 'Alexander Schwolow', '0', 'Goalkeeper');
INSERT INTO game_lineups VALUES ('4095997', '0e150c5455ce3daec458c1e0c73385a3', '89', 'substitutes', '18', '362977', 'Josip Juranovic', '0', 'Right Midfield');
INSERT INTO game_lineups VALUES ('4096019', 'fe721da83d807266a177896955ffabf3', '89', 'starting_lineup', '1', '107775', 'Frederik Rönnow', '0', 'Goalkeeper');
INSERT INTO game_lineups VALUES ('4096019', 'dd4477486bef7b962b65aad67d4b15b6', '89', 'starting_lineup', '5', '387047', 'Danilho Doekhi', '0', 'Centre-Back');
INSERT INTO game_lineups VALUES ('4096019', '54e50a74186c7024ab173099a623ea5d', '89', 'starting_lineup', '33', '337333', 'Alex Kral', '0', 'Central Midfield');
INSERT INTO game_lineups VALUES ('4096019', '037c5084f3f84f73f75a1dc09bd7a52c', '89', 'starting_lineup', '17', '117432', 'Kevin Behrens', '0', 'Centre-Forward');
INSERT INTO game_lineups VALUES ('4096019', '17e256737223d32bf5d42a1f31dec65d', '89', 'starting_lineup', '11', '787232', 'David Datro Fofana', '0', 'Left Winger');
INSERT INTO game_lineups VALUES ('4096019', '9a38af8d0a201f63441376a191417e81', '89', 'starting_lineup', '6', '273132', 'Robin Gosens', '0', 'Left Midfield');
INSERT INTO game_lineups VALUES ('4096019', '4aadf0ec19d06617e21add896b2bb2ea', '89', 'starting_lineup', '28', '75921', 'Christopher Trimmel', '1', 'Right Midfield');
INSERT INTO game_lineups VALUES ('4096019', '54cfb9d5e09e65bb7b5385f2698ca231', '89', 'starting_lineup', '23', '39983', 'Leonardo Bonucci', '0', 'Centre-Back');
INSERT INTO game_lineups VALUES ('4096019', '0a22de532a25c064007644446ab99785', '89', 'starting_lineup', '29', '353948', 'Lucas Tousart', '0', 'Central Midfield');
INSERT INTO game_lineups VALUES ('4096019', '4d3a94e1de130a93613fee99d63ac6fc', '89', 'starting_lineup', '4', '357156', 'Diogo Leite', '0', 'Centre-Back');
INSERT INTO game_lineups VALUES ('4096019', '1e0fc96c811f1bf82836220051a8f964', '89', 'starting_lineup', '27', '188888', 'Sheraldo Becker', '0', 'Right Winger');
INSERT INTO game_lineups VALUES ('4096019', '124900a11421ae654f4363e17fe5cf67', '89', 'substitutes', '16', '453870', 'Benedict Hollerbach', '0', 'Centre-Forward');
INSERT INTO game_lineups VALUES ('4096019', '3eea59e99c68dae166c45d69d0fdf1b6', '89', 'substitutes', '37', '93763', 'Alexander Schwolow', '0', 'Goalkeeper');
INSERT INTO game_lineups VALUES ('4096019', '7a443e5f9d5cd1a1e977d9acfb370282', '89', 'substitutes', '26', '127076', 'Jérôme Roussillon', '0', 'Left Midfield');
INSERT INTO game_lineups VALUES ('4096019', '5dae030ea16946aad7e67378483275d9', '89', 'substitutes', '19', '177779', 'Janik Haberer', '0', 'Central Midfield');
INSERT INTO game_lineups VALUES ('4096019', 'ce9176495ec9eef8ed0fccb0675e7dbb', '89', 'substitutes', '18', '362977', 'Josip Juranovic', '0', 'Right-Back');
INSERT INTO game_lineups VALUES ('4096019', '6b721d7b7509a9fb6f42e0b97be52c24', '89', 'substitutes', '20', '233782', 'Aïssa Laïdouni', '0', 'Central Midfield');
INSERT INTO game_lineups VALUES ('4096019', 'ee5df5c6b64ae88a229f5df0fc6b08a7', '89', 'substitutes', '7', '393323', 'Brenden Aaronson', '0', 'Attacking Midfield');
INSERT INTO game_lineups VALUES ('4096019', 'e8fe58d84cd6da165d9cbcf8c76e429f', '89', 'substitutes', '9', '545332', 'Mikkel Kaufmann', '0', 'Centre-Forward');
INSERT INTO game_lineups VALUES ('4096019', '5d33eb0dedecf95bcf8c4cae46061c94', '89', 'substitutes', '3', '284248', 'Paul Jaeckel', '0', 'Centre-Back');
INSERT INTO game_lineups VALUES ('4096019', '4a8b78046ba657a65ea44275c12fe56b', '2036', 'starting_lineup', '30', '31599', 'Norman Theuerkauf', '0', 'Defensive Midfield');
INSERT INTO game_lineups VALUES ('4096019', '2b3c00dd5bd3b6d4dcd56bfb956d0183', '2036', 'starting_lineup', '10', '193033', 'Tim Kleindienst', '0', 'Centre-Forward');
INSERT INTO game_lineups VALUES ('4096019', '1c2410041ec947b529ae44d08f0b0e25', '2036', 'starting_lineup', '8', '645774', 'Eren Dinkçi', '0', 'Right Winger');
INSERT INTO game_lineups VALUES ('4096019', '5ffa255aa5d0fc694efdbaf07b9c7486', '2036', 'starting_lineup', '37', '342967', 'Jan-Niklas Beste', '0', 'Left Winger');
INSERT INTO game_lineups VALUES ('4096019', 'ba9da3bc97d3185b7a37ba07429770ca', '2036', 'starting_lineup', '18', '471055', 'Marvin Pieringer', '0', 'Attacking Midfield');
INSERT INTO game_lineups VALUES ('4096019', 'fcdc850cc7cc4811a1dd653a1610850e', '2036', 'starting_lineup', '33', '392710', 'Lennard Maloney', '0', 'Defensive Midfield');
INSERT INTO game_lineups VALUES ('4096019', '524704153ed9d7a3ee6a42150177b417', '2036', 'starting_lineup', '1', '43824', 'Kevin Müller', '0', 'Goalkeeper');
INSERT INTO game_lineups VALUES ('4096019', '2f249625f6a60130875a00eed7a951ac', '2036', 'starting_lineup', '4', '337092', 'Tim Siersleben', '0', 'Centre-Back');
INSERT INTO game_lineups VALUES ('4096019', 'fc5262f33f214782526de19f99e47d6d', '2036', 'starting_lineup', '6', '133731', 'Patrick Mainka', '1', 'Centre-Back');
INSERT INTO game_lineups VALUES ('4096019', 'ee6627886ea6811348c80827415be6be', '2036', 'starting_lineup', '19', '192169', 'Jonas Föhrenbach', '0', 'Left-Back');
INSERT INTO game_lineups VALUES ('4096019', 'd9dffd2bbb526f489465710574090a05', '2036', 'starting_lineup', '23', '388294', 'Omar Haktab Traoré', '0', 'Right-Back');
INSERT INTO game_lineups VALUES ('4096019', '3bd7e4af87f9a51cabb6ca5262a55af1', '2036', 'substitutes', '17', '191359', 'Florian Pick', '0', 'Left Winger');
INSERT INTO game_lineups VALUES ('4096019', '4b9291ae0924146f7b1403e5b049a4b7', '2036', 'substitutes', '22', '57796', 'Vitus Eicher', '0', 'Goalkeeper');
INSERT INTO game_lineups VALUES ('4096019', '655c7395bc015a6f6f15202f2b071e45', '2036', 'substitutes', '21', '273669', 'Adrian Beck', '0', 'Attacking Midfield');
INSERT INTO game_lineups VALUES ('4096019', '412a7a54cbe8d9a7a9df6412ffa8736d', '2036', 'substitutes', '11', '94030', 'Denis Thomalla', '0', 'Attacking Midfield');
INSERT INTO game_lineups VALUES ('4096019', 'bd5d5aa376fa6a0f17dda85ca3106e4c', '2036', 'substitutes', '3', '581357', 'Jan Schöppner', '0', 'Central Midfield');
INSERT INTO game_lineups VALUES ('4096019', '5e7b52557b845bbdbb6351c8111d0b1b', '2036', 'substitutes', '5', '227084', 'Benedikt Gimber', '0', 'Defensive Midfield');
INSERT INTO game_lineups VALUES ('4096019', '45e4ef3a2ae9d9ab689d5ab013d4adab', '2036', 'substitutes', '27', '485747', 'Thomas Keller', '0', 'Centre-Back');
INSERT INTO game_lineups VALUES ('4096019', '1e70f8e9372d19808d21f6d57934e9bd', '2036', 'substitutes', '9', '394033', 'Stefan Schimmer', '0', 'Centre-Forward');
INSERT INTO game_lineups VALUES ('4096019', '2784658ece4cb67abb32d67400080df1', '2036', 'substitutes', '20', '120189', 'Nikola Dovedan', '0', 'Second Striker');
INSERT INTO game_lineups VALUES ('4096022', 'c92592d1ef70667f13c959a24ad78369', '16', 'starting_lineup', '17', '193900', 'Marius Wolf', '0', 'Right-Back');
INSERT INTO game_lineups VALUES ('4096022', '13bca6ed31d9f3e8558f79a4b478c1f8', '16', 'starting_lineup', '4', '388198', 'Nico Schlotterbeck', '0', 'Centre-Back');
INSERT INTO game_lineups VALUES ('4096022', '5c56d61aa294961887ce163abd8ccad3', '16', 'starting_lineup', '23', '119296', 'Emre Can', '1', 'Defensive Midfield');
INSERT INTO game_lineups VALUES ('4096022', '4b66707c8433a21c54af88f0376da2ec', '16', 'starting_lineup', '15', '39728', 'Mats Hummels', '0', 'Centre-Back');
INSERT INTO game_lineups VALUES ('4096022', '076661443b35b90009fd013cc8be0899', '16', 'starting_lineup', '8', '406640', 'Felix Nmecha', '0', 'Central Midfield');
INSERT INTO game_lineups VALUES ('4096022', 'b1c68494ed3c9419155cd921a0e18794', '16', 'starting_lineup', '11', '35207', 'Marco Reus', '0', 'Attacking Midfield');
INSERT INTO game_lineups VALUES ('4096022', 'd2ca30270ce7667774d7f627a0978e95', '16', 'starting_lineup', '43', '670882', 'Jamie Bynoe-Gittens', '0', 'Left Winger');
INSERT INTO game_lineups VALUES ('4096022', 'd2bf0a65711bd4f136686e0acd026085', '16', 'starting_lineup', '21', '326029', 'Donyell Malen', '0', 'Right Winger');
INSERT INTO game_lineups VALUES ('4096022', 'ac6fa7d05b2518c72cccdce9c781304d', '16', 'starting_lineup', '14', '75489', 'Niclas Füllkrug', '0', 'Centre-Forward');
INSERT INTO game_lineups VALUES ('4096022', '9a0874d8138496e284cd4a480665bab6', '16', 'starting_lineup', '1', '257814', 'Gregor Kobel', '0', 'Goalkeeper');
INSERT INTO game_lineups VALUES ('4096022', '47350eeb1480c24b4df80cc9045bbe77', '16', 'starting_lineup', '26', '370789', 'Julian Ryerson', '0', 'Left-Back');
INSERT INTO game_lineups VALUES ('4096022', 'dd1e9f570444c6cbfdcec3758fe96ceb', '16', 'substitutes', '33', '76158', 'Alexander Meyer', '0', 'Goalkeeper');
INSERT INTO game_lineups VALUES ('4096022', '5ddb09cbd27c797b1bff475499421f8c', '16', 'substitutes', '45', '854079', 'Guille Bueno', '0', 'Left-Back');
INSERT INTO game_lineups VALUES ('4096022', '8d878d406af141dacbb6e230a12439df', '16', 'substitutes', '7', '504215', 'Giovanni Reyna', '0', 'Right Winger');
INSERT INTO game_lineups VALUES ('4096022', '4c2a284973c19340b268009a0318dbc3', '16', 'substitutes', '25', '166601', 'Niklas Süle', '0', 'Centre-Back');
INSERT INTO game_lineups VALUES ('4096022', '3e050706868a19c52507ef6cfd3e8c06', '16', 'substitutes', '19', '187492', 'Julian Brandt', '0', 'Left Winger');
INSERT INTO game_lineups VALUES ('4096022', '7059639b36f70860ef4cade5bec23cf4', '16', 'substitutes', '27', '496094', 'Karim Adeyemi', '0', 'Left Winger');
INSERT INTO game_lineups VALUES ('4096022', 'babc714474c3118f190a14b301f77847', '16', 'substitutes', '18', '467720', 'Youssoufa Moukoko', '0', 'Centre-Forward');
INSERT INTO game_lineups VALUES ('4096022', 'c244e83115239896e106481dcad7bd7c', '16', 'substitutes', '9', '181375', 'Sébastien Haller', '0', 'Centre-Forward');
INSERT INTO game_lineups VALUES ('4096022', 'a1c4e191cc77e3ba6293fbab41750a76', '16', 'substitutes', '6', '244940', 'Salih Özcan', '0', 'Defensive Midfield');
INSERT INTO game_lineups VALUES ('4096022', 'c138588231788debaae42c18fd5f02ab', '89', 'starting_lineup', '33', '337333', 'Alex Kral', '0', 'Central Midfield');
INSERT INTO game_lineups VALUES ('4096022', '25c4cf3ac0a870ec48b322d35bf7eabe', '89', 'starting_lineup', '23', '39983', 'Leonardo Bonucci', '0', 'Centre-Back');
INSERT INTO game_lineups VALUES ('4096022', '707dc7c0e4b1140c6e1999853b61b884', '89', 'starting_lineup', '4', '357156', 'Diogo Leite', '0', 'Centre-Back');
INSERT INTO game_lineups VALUES ('4096022', '28d8e7fc251bf02e810e46358eadaa2d', '89', 'starting_lineup', '17', '117432', 'Kevin Behrens', '0', 'Centre-Forward');
INSERT INTO game_lineups VALUES ('4096022', 'bb1d8401e01b4b147df44aba513f33da', '89', 'starting_lineup', '27', '188888', 'Sheraldo Becker', '0', 'Centre-Forward');
INSERT INTO game_lineups VALUES ('4096022', 'fd8e70fdad3b71d43e17b9977bdb3c6b', '89', 'starting_lineup', '6', '273132', 'Robin Gosens', '0', 'Left Midfield');
INSERT INTO game_lineups VALUES ('4096022', '3080e02de6c4ed568ca445dc7598c9cf', '89', 'starting_lineup', '5', '387047', 'Danilho Doekhi', '0', 'Centre-Back');
INSERT INTO game_lineups VALUES ('4096022', '13892f05cedf3ab392c6593b1c760231', '89', 'starting_lineup', '1', '107775', 'Frederik Rönnow', '0', 'Goalkeeper');
INSERT INTO game_lineups VALUES ('4096022', '62e06988043be9f30e94a72b4a26a56d', '89', 'starting_lineup', '28', '75921', 'Christopher Trimmel', '1', 'Right Midfield');
INSERT INTO game_lineups VALUES ('4096022', 'f0ec12b0c975e3ab34090e09c0670c71', '89', 'starting_lineup', '20', '233782', 'Aïssa Laïdouni', '0', 'Central Midfield');
INSERT INTO game_lineups VALUES ('4096022', '67987b920adf2ff98299b98de317ce42', '89', 'starting_lineup', '19', '177779', 'Janik Haberer', '0', 'Central Midfield');
INSERT INTO game_lineups VALUES ('4096022', 'f68b759618d10849b30597a3a362d425', '89', 'substitutes', '11', '787232', 'David Datro Fofana', '0', 'Centre-Forward');
INSERT INTO game_lineups VALUES ('4096022', '149bc5ba6ae1e1e2a05a1e1280ba22fe', '89', 'substitutes', '7', '393323', 'Brenden Aaronson', '0', 'Central Midfield');
INSERT INTO game_lineups VALUES ('4096022', '7b8baeaddef7194ae4b6b8098eca9181', '89', 'substitutes', '36', '692737', 'Aljoscha Kemlein', '0', 'Defensive Midfield');
INSERT INTO game_lineups VALUES ('4096022', 'db1f6b838308cee641928472f51eb660', '89', 'substitutes', '37', '93763', 'Alexander Schwolow', '0', 'Goalkeeper');
INSERT INTO game_lineups VALUES ('4096022', '5fdcef4bb6fcd30ad484c0b59290c900', '89', 'substitutes', '3', '284248', 'Paul Jaeckel', '0', 'Centre-Back');
INSERT INTO game_lineups VALUES ('4096022', '10bfdc0904a0b32f11157a70057032a4', '89', 'substitutes', '29', '353948', 'Lucas Tousart', '0', 'Defensive Midfield');
INSERT INTO game_lineups VALUES ('4096022', 'a8897e633bfb5bb66f85d852f2f194c9', '89', 'substitutes', '26', '127076', 'Jérôme Roussillon', '0', 'Left-Back');
INSERT INTO game_lineups VALUES ('4096022', '116a1983fe3433e6ac0d4e92d20a14af', '89', 'substitutes', '16', '453870', 'Benedict Hollerbach', '0', 'Centre-Forward');
INSERT INTO game_lineups VALUES ('4096022', '908d55e5a0309f7b4be68915253020da', '89', 'substitutes', '10', '82009', 'Kevin Volland', '0', 'Centre-Forward');
INSERT INTO game_lineups VALUES ('4096032', '8f106791b6267ea837d2dfbff3b38a91', '60', 'starting_lineup', '27', '55099', 'Nicolas Höfler', '0', 'Defensive Midfield');
INSERT INTO game_lineups VALUES ('4096032', '53798d9f6df142f8164b459d936489bf', '60', 'starting_lineup', '42', '358504', 'Ritsu Doan', '0', 'Right Midfield');
INSERT INTO game_lineups VALUES ('4096032', '31b82bc87cc5c4aa6087093942ccc2f0', '60', 'starting_lineup', '28', '124502', 'Matthias Ginter', '0', 'Centre-Back');
INSERT INTO game_lineups VALUES ('4096032', '1a30c3b98492882d79261df947162cc1', '60', 'starting_lineup', '3', '225657', 'Philipp Lienhart', '0', 'Centre-Back');
INSERT INTO game_lineups VALUES ('4096032', '3b1c29a9f3c4e3d7221c076da8046a8a', '60', 'starting_lineup', '5', '45683', 'Manuel Gulde', '0', 'Centre-Back');
INSERT INTO game_lineups VALUES ('4096032', 'a2cab6040bd8e53d6f8dbf3fc8eddc67', '60', 'starting_lineup', '26', '143891', 'Maximilian Philipp', '0', 'Centre-Forward');
INSERT INTO game_lineups VALUES ('4096032', 'c1dc1327d124e871f475b59443bffb88', '60', 'starting_lineup', '1', '526845', 'Noah Atubolu', '0', 'Goalkeeper');
INSERT INTO game_lineups VALUES ('4096032', 'd6ea16fac53202ce8fb740602f892dd6', '60', 'starting_lineup', '32', '185077', 'Vincenzo Grifo', '1', 'Left Winger');
INSERT INTO game_lineups VALUES ('4096032', '5fb53a951799f5ccb4772f538d6b4326', '60', 'starting_lineup', '22', '332798', 'Roland Sallai', '0', 'Right Winger');
INSERT INTO game_lineups VALUES ('4096032', '9e44c2905e7f91aa0ffea16056083b3b', '60', 'starting_lineup', '7', '392163', 'Noah Weißhaupt', '0', 'Left Midfield');
INSERT INTO game_lineups VALUES ('4096032', '3c57528e3ac53d5c26c89f25d467b5fb', '60', 'starting_lineup', '8', '190284', 'Maximilian Eggestein', '0', 'Central Midfield');
INSERT INTO game_lineups VALUES ('4096032', 'f582978508c1e618780b12a923bd3ecc', '60', 'substitutes', '4', '527276', 'Kenneth Schmidt', '0', 'Centre-Back');
INSERT INTO game_lineups VALUES ('4096032', 'ea20bd9c53e254096e5159b27295d07d', '60', 'substitutes', '9', '248999', 'Lucas Höler', '0', 'Left Winger');
INSERT INTO game_lineups VALUES ('4096032', 'e1606696378fe9b151ee3589b4886f4b', '60', 'substitutes', '21', '284769', 'Florian Müller', '0', 'Goalkeeper');
INSERT INTO game_lineups VALUES ('4096032', '3c6e49c8054753aa366426e37d540ca1', '60', 'substitutes', '20', '452477', 'Junior Adamu', '0', 'Right Winger');
INSERT INTO game_lineups VALUES ('4096032', '57447133cbaf4ed5516151474d8a1cfb', '60', 'substitutes', '38', '120205', 'Michael Gregoritsch', '0', 'Centre-Forward');
INSERT INTO game_lineups VALUES ('4096032', 'cf8475b80c441c42ad6e05d590531ef9', '60', 'substitutes', '17', '93604', 'Lukas Kübler', '0', 'Left Midfield');
INSERT INTO game_lineups VALUES ('4096032', 'c6c915d8e7df5055dd1075fa4895d241', '60', 'substitutes', '34', '608832', 'Merlin Röhl', '0', 'Central Midfield');
INSERT INTO game_lineups VALUES ('4096032', '3b21095ad7d63acac3e638ad4dafd25b', '60', 'substitutes', '25', '548348', 'Kiliann Sildillia', '0', 'Right Midfield');
INSERT INTO game_lineups VALUES ('4096032', 'a641ebb387c958b12fd53fdcb1a1e335', '60', 'substitutes', '33', '815078', 'Jordy Makengo', '0', 'Left-Back');
INSERT INTO game_lineups VALUES ('4096032', 'e8af5728bafedc1c692f92842323f8cd', '80', 'starting_lineup', '31', '413843', 'Keven Schlotterbeck', '0', 'Centre-Back');
INSERT INTO game_lineups VALUES ('4096032', '99d1116c3f898f75fdcf096a0be995f7', '80', 'starting_lineup', '22', '289182', 'Christopher Antwi-Adjei', '0', 'Left Winger');
INSERT INTO game_lineups VALUES ('4096032', '4e8b6fad5e1e6cbe39dc72e39f654a81', '80', 'starting_lineup', '3', '154396', 'Danilo Soares', '0', 'Left Midfield');
INSERT INTO game_lineups VALUES ('4096032', '4dbaff9d85954c6330f1cb01dc29f4f0', '80', 'starting_lineup', '2', '121686', 'Cristian Gamboa', '0', 'Right Midfield');
INSERT INTO game_lineups VALUES ('4096032', '137f70faec23fae0943e35e0e34c091a', '80', 'starting_lineup', '8', '111266', 'Anthony Losilla', '1', 'Defensive Midfield');
INSERT INTO game_lineups VALUES ('4096032', 'edc003f7bc90c4f52200f8569fd24046', '80', 'starting_lineup', '9', '181547', 'Gonçalo Paciência', '0', 'Centre-Forward');
INSERT INTO game_lineups VALUES ('4096032', 'b7fc5ba3eece7741a07f4ef2b8ecb504', '80', 'starting_lineup', '7', '106872', 'Kevin Stöger', '0', 'Central Midfield');
INSERT INTO game_lineups VALUES ('4096032', '0ec4f6540f37237eaaa5c1688fc93931', '80', 'starting_lineup', '20', '118850', 'Ivan Ordets', '0', 'Centre-Back');
INSERT INTO game_lineups VALUES ('4096032', '8d2e9167e45a9c22acc2f6f5c6f28049', '80', 'starting_lineup', '11', '245744', 'Takuma Asano', '0', 'Right Winger');
INSERT INTO game_lineups VALUES ('4096032', '256f12b33ad759d441721f1e2f8e335a', '80', 'starting_lineup', '1', '40792', 'Manuel Riemann', '0', 'Goalkeeper');
INSERT INTO game_lineups VALUES ('4096032', 'd077754052f6deeb7f448cb14cf19eec', '80', 'starting_lineup', '5', '364258', 'Bernardo', '0', 'Centre-Back');
INSERT INTO game_lineups VALUES ('4096032', 'a363b0cd83501ce4bb16a86983cf91fd', '80', 'substitutes', '23', '348778', 'Niclas Thiede', '0', 'Goalkeeper');
INSERT INTO game_lineups VALUES ('4096032', 'b146432ac8da9c9071943051ea89207e', '80', 'substitutes', '33', '119037', 'Philipp Hofmann', '0', 'Centre-Forward');
INSERT INTO game_lineups VALUES ('4096032', 'ef9b72a983f5495fbec8586a2e9a3e62', '80', 'substitutes', '4', '343959', 'Erhan Masovic', '0', 'Centre-Back');
INSERT INTO game_lineups VALUES ('4096032', 'd0979cdc626b7edd26271d8319bddc79', '80', 'substitutes', '41', '265209', 'Noah Loosli', '0', 'Centre-Back');
INSERT INTO game_lineups VALUES ('4096032', '5d81d11fc6ba933f6deca0d3a4c9dc32', '80', 'substitutes', '32', '196793', 'Maximilian Wittek', '0', 'Left Midfield');
INSERT INTO game_lineups VALUES ('4096032', 'f97776b8b84b832a5bbcc7556aa8f8f1', '80', 'substitutes', '15', '274461', 'Felix Passlack', '0', 'Right-Back');
INSERT INTO game_lineups VALUES ('4096032', 'f38ba9034c635220599b5ea9a2786804', '80', 'substitutes', '10', '179635', 'Philipp Förster', '0', 'Attacking Midfield');
INSERT INTO game_lineups VALUES ('4096032', 'd22be29005e5806816992f9873114262', '80', 'substitutes', '29', '406973', 'Moritz Broschinski', '0', 'Centre-Forward');
INSERT INTO game_lineups VALUES ('4096032', '8ed78cd9a174318ab03676231524b4a9', '80', 'substitutes', '13', '334213', 'Lukas Daschner', '0', 'Attacking Midfield');
INSERT INTO game_lineups VALUES ('4096044', 'e7f4c1165656f4759504bdab12c1b223', '86', 'starting_lineup', '3', '58995', 'Anthony Jung', '0', 'Centre-Back');
INSERT INTO game_lineups VALUES ('4096044', 'e5a5ceff82f7e550ead3aa89a16a9064', '86', 'starting_lineup', '30', '196813', 'Michael Zetterer', '0', 'Goalkeeper');
INSERT INTO game_lineups VALUES ('4096044', 'efe0480e0a8e7f026d5f67facc655386', '86', 'starting_lineup', '13', '202228', 'Milos Veljkovic', '0', 'Centre-Back');
INSERT INTO game_lineups VALUES ('4096044', '866c8f29a375884b50e034df1f15eb7c', '86', 'starting_lineup', '32', '156990', 'Marco Friedl', '1', 'Centre-Back');
INSERT INTO game_lineups VALUES ('4096044', '623a001689b4e35729ccf018cc59116d', '86', 'starting_lineup', '6', '289835', 'Jens Stage', '0', 'Defensive Midfield');
INSERT INTO game_lineups VALUES ('4096044', '6f91a89be0797b3e88a36d339ceefe69', '86', 'starting_lineup', '8', '119211', 'Mitchell Weiser', '0', 'Right Midfield');
INSERT INTO game_lineups VALUES ('4096044', '7bbc893c8df12e4a6b3024598161ecb2', '86', 'starting_lineup', '2', '621802', 'Olivier Deman', '0', 'Left Midfield');
INSERT INTO game_lineups VALUES ('4096044', '00924f1b911872ff3a99cd61c8335232', '86', 'starting_lineup', '10', '93844', 'Leonardo Bittencourt', '0', 'Attacking Midfield');
INSERT INTO game_lineups VALUES ('4096044', '6ca64691a207697a26d383aee793dbff', '86', 'starting_lineup', '20', '346853', 'Romano Schmid', '0', 'Attacking Midfield');
INSERT INTO game_lineups VALUES ('4096044', 'c12d97334ed0e66626c911538e21ba27', '86', 'starting_lineup', '7', '125103', 'Marvin Ducksch', '0', 'Centre-Forward');
INSERT INTO game_lineups VALUES ('4096044', 'c56f2a9d0638501e204504eb3b6c833c', '86', 'starting_lineup', '19', '323831', 'Rafael Borré', '0', 'Centre-Forward');
INSERT INTO game_lineups VALUES ('4096044', 'dee4ca45b505f29e287d2364a2936073', '86', 'substitutes', '29', '455661', 'Nick Woltemade', '0', 'Attacking Midfield');
INSERT INTO game_lineups VALUES ('4096044', '88b6189bab70a853c3fc6bd66438d6c6', '86', 'substitutes', '9', '208167', 'Dawid Kownacki', '0', 'Centre-Forward');
INSERT INTO game_lineups VALUES ('4096044', 'e6affaa9203b3a15e7af392319fc6b05', '86', 'substitutes', '17', '596153', 'Justin Njinmah', '0', 'Centre-Forward');
INSERT INTO game_lineups VALUES ('4096044', '28c5d789f4e6a025822d377d7f361466', '86', 'substitutes', '35', '825073', 'Leon Opitz', '0', 'Left Midfield');
INSERT INTO game_lineups VALUES ('4096044', 'e94fe0f52856605e5586aa4124eeedee', '86', 'substitutes', '14', '338668', 'Senne Lynen', '0', 'Defensive Midfield');
INSERT INTO game_lineups VALUES ('4096044', '1b5cbf553efe630db0c00f16952da82b', '86', 'substitutes', '27', '393512', 'Felix Agu', '0', 'Left Midfield');
INSERT INTO game_lineups VALUES ('4096044', 'cb95103796b98071aa5f73ae710abb0b', '86', 'substitutes', '5', '334221', 'Amos Pieper', '0', 'Centre-Back');
INSERT INTO game_lineups VALUES ('4096044', '5c9a16fbc085f5ade862071a6f4af197', '86', 'substitutes', '40', '117482', 'Cimo Röcker', '0', 'Centre-Back');
INSERT INTO game_lineups VALUES ('4096044', '8d41900afcbbd97beeef333b8280e6ad', '86', 'substitutes', '38', '369258', 'Dudu', '0', 'Goalkeeper');
INSERT INTO game_lineups VALUES ('4096044', '812ed68b246e86d58cdb9a2ed5389d09', '89', 'starting_lineup', '6', '273132', 'Robin Gosens', '0', 'Left Midfield');
INSERT INTO game_lineups VALUES ('4096044', '9f97b2bf7ad674d73b5e02cdedea5fda', '89', 'starting_lineup', '23', '39983', 'Leonardo Bonucci', '0', 'Centre-Back');
INSERT INTO game_lineups VALUES ('4096044', 'f8b771a0858cf58e1a3a37a162a1c2a7', '89', 'starting_lineup', '8', '124410', 'Rani Khedira', '0', 'Defensive Midfield');
INSERT INTO game_lineups VALUES ('4096044', '081bb19d6b8e3c5db61c5aafb11de1cd', '89', 'starting_lineup', '28', '75921', 'Christopher Trimmel', '1', 'Right Midfield');
INSERT INTO game_lineups VALUES ('4096044', 'bffb83c3fa9f78a30fce288ba074a257', '89', 'starting_lineup', '1', '107775', 'Frederik Rönnow', '0', 'Goalkeeper');
INSERT INTO game_lineups VALUES ('4096044', '8b59eed2d0b5b90a4f8035cd62e3f924', '89', 'starting_lineup', '4', '357156', 'Diogo Leite', '0', 'Centre-Back');
INSERT INTO game_lineups VALUES ('4096044', '9794ad49e55f4771fee056b4b526fa57', '89', 'starting_lineup', '17', '117432', 'Kevin Behrens', '0', 'Centre-Forward');
INSERT INTO game_lineups VALUES ('4096044', '772ffba3393026ea8c8544c6a9332ec4', '89', 'starting_lineup', '27', '188888', 'Sheraldo Becker', '0', 'Centre-Forward');
INSERT INTO game_lineups VALUES ('4096044', 'a8c4421e0c3a7be0b751c65793b394d4', '89', 'starting_lineup', '7', '393323', 'Brenden Aaronson', '0', 'Attacking Midfield');
INSERT INTO game_lineups VALUES ('4096044', 'a81b2b8272c938082ebb25ece3ee9951', '89', 'starting_lineup', '19', '177779', 'Janik Haberer', '0', 'Attacking Midfield');
INSERT INTO game_lineups VALUES ('4096044', '799108741e4a1e61bf1db32ad46848bc', '89', 'starting_lineup', '31', '94201', 'Robin Knoche', '0', 'Centre-Back');
INSERT INTO game_lineups VALUES ('4096044', 'd18f95ed8cc3e5f4e008b4018f45d7dc', '89', 'substitutes', '37', '93763', 'Alexander Schwolow', '0', 'Goalkeeper');
INSERT INTO game_lineups VALUES ('4096044', 'bcdd551aa29c4c2f71f42ee2e610a813', '89', 'substitutes', '3', '284248', 'Paul Jaeckel', '0', 'Centre-Back');
INSERT INTO game_lineups VALUES ('4096044', '5fe5ce623db210a9350a65ce1f9c79be', '89', 'substitutes', '26', '127076', 'Jérôme Roussillon', '0', 'Left Midfield');
INSERT INTO game_lineups VALUES ('4096044', '12c543d446a6f956a2e62b0e1f2dfdcd', '89', 'substitutes', '29', '353948', 'Lucas Tousart', '0', 'Defensive Midfield');
INSERT INTO game_lineups VALUES ('4096044', 'fc7f60fc3cc921d20543b5ef029e0132', '89', 'substitutes', '33', '337333', 'Alex Kral', '0', 'Defensive Midfield');
INSERT INTO game_lineups VALUES ('4096044', 'e261fb0359464eab40a32e2e528ce009', '89', 'substitutes', '20', '233782', 'Aïssa Laïdouni', '0', 'Central Midfield');
INSERT INTO game_lineups VALUES ('4096044', '9eda584f1d2a1bfc2b7cf2eb390e280d', '89', 'substitutes', '10', '82009', 'Kevin Volland', '0', 'Centre-Forward');
INSERT INTO game_lineups VALUES ('4096044', '50535c95cf00e4cce62c2e485b0c96ce', '89', 'substitutes', '9', '545332', 'Mikkel Kaufmann', '0', 'Centre-Forward');
INSERT INTO game_lineups VALUES ('4096044', '4b83e6b35174938041a767d87528a8cf', '89', 'substitutes', '16', '453870', 'Benedict Hollerbach', '0', 'Centre-Forward');